Date,Draw1,Draw2,Draw3,Draw4,Draw5,GrandNum,SumNoBonus,Sum,TensDigit,OnesDigit,Divide2,Divide3,Divide5,BigSmall,Prime,MinPrimeSum,AC,Prev1,Prev2,Prev3,Prev4,Prev5,Prev6,NumCount1,NumCount2,NumCount3,NumCount4,NumCount5,NumCount6
2022-12-29,1,11,20,31,43,3,106,109,11111.0,6,41,230,1031,23.0,32,93,6,1,2,2,2,2,2,5,10,14,17,19,22
2022-12-26,4,7,16,30,43,5,100,105,11012.0,20,23,41,11111,23.0,23,60,6,0,0,1,1,1,1,5,9,13,15,18,20
2022-12-22,12,20,28,41,44,2,145,147,20210.0,15,14,311,11111,32.0,14,69,4,1,2,3,4,4,4,5,10,13,17,19,23
2022-12-19,9,26,28,29,48,2,140,142,10301.0,40,23,212,22010,41.0,14,54,4,0,2,2,3,3,3,5,10,14,17,21,23
2022-12-15,10,24,33,43,44,7,154,161,21110.0,14,23,122,22001,32.0,14,64,6,0,1,1,1,2,3,5,10,13,17,20,23
2022-12-12,2,3,20,26,28,2,79,81,302.0,19,14,311,2111,23.0,23,30,6,0,0,1,1,1,1,5,8,13,16,19,23
2022-12-08,17,32,33,41,45,4,168,172,22010.0,18,41,302,1211,41.0,23,79,6,2,2,4,4,4,4,5,10,15,18,22,26
2022-12-05,9,39,40,41,45,1,174,175,31001.0,24,41,113,20012,41.0,14,64,5,0,0,0,0,1,1,5,10,13,17,22,24
2022-12-01,1,26,27,38,46,7,138,145,11201.0,28,23,221,1130,41.0,5,61,6,0,1,1,1,2,2,5,9,13,18,21,23
2022-11-28,6,8,10,32,33,2,89,91,2012.0,19,14,212,2111,23.0,5,21,5,1,1,1,1,1,1,5,9,14,17,19,21
2022-11-24,25,32,42,43,46,4,188,192,31100.0,18,23,131,1211,50.0,14,83,6,1,1,1,1,1,1,5,10,13,15,17,20
2022-11-21,5,7,12,32,49,6,105,111,11012.0,25,32,221,10301,23.0,23,17,6,0,2,3,3,3,3,5,10,13,15,18,20
2022-11-17,13,22,31,37,45,2,148,150,12110.0,18,41,41,1211,32.0,32,102,5,0,1,1,2,2,2,5,9,11,15,17,20
2022-11-14,2,3,5,12,27,3,49,52,113.0,19,32,203,1301,14.0,32,10,6,1,3,3,3,3,3,5,9,13,15,18,20
2022-11-10,2,15,20,31,49,3,117,120,11111.0,17,32,221,10112,23.0,23,48,4,1,1,1,1,1,2,5,9,11,14,16,21
2022-11-07,3,15,27,41,47,5,133,138,20111.0,23,50,203,1211,32.0,32,96,5,1,2,2,2,2,2,5,8,11,13,18,20
2022-11-03,15,18,28,33,45,7,139,146,11120.0,29,32,14,3002,32.0,5,28,6,2,3,3,3,4,4,5,9,11,16,19,22
2022-10-31,15,33,36,41,48,1,173,174,22010.0,23,32,104,2021,41.0,14,62,6,1,2,2,2,2,3,5,8,13,16,19,22
2022-10-27,7,8,23,41,45,4,124,128,20102.0,24,41,311,2111,23.0,32,81,6,2,2,2,2,2,2,5,10,13,16,19,22
2022-10-24,16,23,34,36,45,2,154,156,12110.0,24,23,122,11021,32.0,14,50,5,0,2,2,2,2,4,5,10,13,16,19,23
2022-10-20,14,19,20,37,40,6,130,136,11120.0,20,23,230,20102,23.0,23,70,6,0,2,2,4,4,4,5,10,13,18,22,24
2022-10-17,18,31,34,36,42,1,161,162,13010.0,21,14,23,11120,41.0,14,60,6,0,0,0,0,0,1,5,8,13,17,19,23
2022-10-13,5,11,20,22,37,4,95,99,1211.0,15,32,320,212,14.0,32,55,4,2,2,3,3,3,4,5,10,15,17,21,24
2022-10-10,5,11,15,21,43,6,95,101,10121.0,15,50,212,1022,14.0,32,69,4,0,0,1,1,1,2,5,10,13,17,20,23
2022-10-06,14,19,30,38,48,4,149,153,12020.0,29,14,212,22001,32.0,14,36,6,0,1,1,1,1,1,5,9,13,16,19,19
2022-10-03,17,20,23,28,45,6,133,139,10310.0,23,32,311,2102,23.0,23,57,5,1,1,2,2,3,3,5,9,13,16,17,21
2022-09-29,4,5,20,26,48,1,103,104,10202.0,23,14,311,11012,23.0,14,23,5,1,1,2,3,3,3,5,9,13,15,19,22
2022-09-26,7,18,26,33,39,6,123,129,2111.0,33,32,113,12110,32.0,14,36,6,1,2,3,3,3,3,5,10,13,17,20,22
2022-09-22,3,22,26,40,45,4,136,140,20201.0,16,23,122,1112,32.0,14,34,4,0,1,1,2,3,3,5,9,13,17,20,23
2022-09-19,4,7,8,11,13,4,43,47,23.0,23,32,230,12110,5.0,32,33,4,1,1,2,4,4,5,5,9,14,19,22,24
2022-09-15,3,11,23,33,48,4,118,122,11111.0,18,41,203,4010,23.0,32,39,6,1,1,1,1,1,3,5,10,15,18,20,23
2022-09-12,1,11,37,41,46,2,136,138,21011.0,16,41,230,140,32.0,32,115,6,0,0,1,3,3,3,5,10,14,18,21,24
2022-09-08,8,22,28,42,43,4,143,147,20201.0,23,14,131,3200,32.0,14,66,4,0,0,0,1,1,2,5,9,13,17,20,23
2022-09-05,2,4,13,15,45,2,79,81,10022.0,19,32,122,11102,14.0,23,23,4,1,1,1,1,1,2,5,9,13,16,19,23
2022-09-01,14,15,34,41,44,4,148,152,21020.0,18,23,311,30011,32.0,14,86,6,1,2,3,4,5,5,5,10,14,18,23,26
2022-08-29,7,11,32,37,41,5,128,133,12011.0,18,41,320,320,32.0,41,98,4,0,0,1,1,2,2,5,9,14,19,23,25
2022-08-25,3,8,14,24,33,7,82,89,1112.0,22,23,203,23000,14.0,14,23,6,1,1,1,1,1,2,5,10,15,19,21,24
2022-08-22,5,12,14,44,49,1,124,125,20021.0,24,23,311,30101,23.0,14,28,6,0,0,0,0,0,0,5,10,14,16,19,22
2022-08-18,6,11,18,22,34,2,91,93,1121.0,21,14,122,11120,14.0,14,33,4,0,0,2,2,2,3,5,9,13,16,19,23
2022-08-15,15,26,38,40,45,4,164,168,21110.0,24,23,212,1013,41.0,5,42,6,1,1,1,1,1,1,5,9,12,15,19,23
2022-08-11,28,37,43,45,47,7,200,207,31100.0,30,41,131,2201,50.0,32,144,5,1,2,2,2,2,3,5,9,12,16,20,23
2022-08-08,1,22,29,34,47,5,133,138,11201.0,23,32,230,20210,32.0,23,107,6,1,1,2,2,2,2,5,8,13,17,20,24
2022-08-04,8,22,27,36,43,6,136,142,11201.0,26,23,122,2210,32.0,14,59,5,2,2,2,2,2,2,5,10,14,17,21,23
2022-08-01,16,20,27,36,42,2,141,143,11210.0,21,14,113,221,32.0,5,17,6,0,0,0,0,1,1,5,9,12,16,19,21
2022-07-28,1,3,18,23,33,4,78,82,1112.0,18,41,113,4010,14.0,23,40,5,1,2,3,4,4,5,5,9,14,18,20,24
2022-07-25,1,7,31,41,46,7,126,133,21002.0,16,41,140,140,32.0,32,105,6,1,1,1,2,3,3,5,10,14,17,22,24
2022-07-21,13,18,28,30,41,2,130,132,11120.0,20,23,122,3011,32.0,23,71,6,0,0,1,1,2,2,5,9,13,18,21,24
2022-07-18,5,6,12,33,48,3,104,107,11012.0,24,23,104,2111,23.0,14,21,6,1,2,2,2,2,2,5,10,15,18,21,24
2022-07-14,3,12,14,16,45,4,90,94,10031.0,20,23,113,11111,14.0,14,17,5,0,0,0,1,2,3,5,10,13,17,21,23
2022-07-11,1,5,18,34,49,2,107,109,11012.0,27,32,131,21011,23.0,14,35,6,0,2,2,3,3,3,5,10,14,19,21,24
2022-07-07,15,23,24,36,46,4,144,148,11210.0,24,23,113,11021,23.0,14,33,6,0,1,1,1,1,4,5,10,15,17,20,24
2022-07-04,18,30,32,34,44,4,158,162,13010.0,18,5,212,21101,41.0,5,38,3,0,0,3,3,3,3,5,10,15,18,22,24
2022-06-30,10,31,35,45,46,7,167,174,22010.0,17,32,131,23,41.0,14,71,6,0,0,0,0,1,1,5,10,13,17,20,22
2022-06-27,3,4,5,19,25,7,56,63,113.0,26,41,131,21002,14.0,32,29,5,0,0,0,1,1,1,5,8,12,16,18,21
2022-06-23,16,17,18,32,44,5,127,132,11030.0,27,14,311,11210,23.0,14,33,5,2,3,3,3,3,3,5,10,14,16,19,23
2022-06-20,7,8,18,21,32,1,86,87,1112.0,26,23,212,2210,14.0,14,12,4,0,1,1,2,2,2,5,10,12,16,20,23
2022-06-16,1,15,23,36,44,7,119,126,11111.0,19,32,212,11021,23.0,14,45,4,0,2,3,3,4,4,5,9,14,18,22,24
2022-06-13,3,9,18,43,46,5,119,124,20012.0,29,32,23,13010,23.0,23,71,6,1,1,1,1,1,1,5,10,14,18,20,23
2022-06-09,1,13,15,43,48,2,120,122,20021.0,20,41,32,3011,23.0,23,67,6,0,0,0,2,2,2,5,9,13,17,20,21
2022-06-06,24,31,32,44,47,6,178,184,22100.0,18,23,311,20210,41.0,23,94,6,1,1,1,1,2,3,5,9,13,16,18,19
2022-06-02,4,26,37,40,44,4,151,155,21101.0,21,14,230,20111,41.0,14,68,6,1,1,1,1,2,2,5,9,12,14,16,19
2022-05-30,11,14,27,36,44,5,132,137,11120.0,22,23,302,20120,32.0,14,23,6,1,2,2,3,3,3,5,9,11,14,17,20
2022-05-26,13,14,28,34,48,6,137,143,11120.0,27,14,131,23000,32.0,14,42,4,1,4,4,4,4,4,5,10,13,16,19,23
2022-05-23,7,12,27,28,33,1,107,108,1211.0,27,32,23,2300,32.0,14,23,4,0,1,2,2,2,2,5,9,13,16,20,24
2022-05-19,13,14,30,31,34,6,122,128,3020.0,12,23,131,21011,32.0,23,78,4,1,1,2,2,2,2,5,9,13,17,21,24
2022-05-16,7,32,34,40,44,2,157,159,22001.0,17,14,230,20201,41.0,14,42,6,1,2,2,2,2,2,5,10,14,18,21,22
2022-05-12,2,3,12,25,32,6,74,80,1112.0,14,23,212,1301,23.0,23,10,6,0,1,1,1,1,2,5,10,14,17,18,22
2022-05-09,14,29,40,45,47,1,175,176,30110.0,25,32,311,20102,41.0,23,93,6,0,0,1,2,2,2,5,9,13,15,19,23
2022-05-05,6,23,25,38,41,1,133,134,11201.0,23,32,311,2021,32.0,23,93,6,1,1,2,3,3,4,5,9,12,17,21,24
2022-05-02,1,8,17,26,38,1,90,91,1112.0,30,23,410,2120,23.0,14,52,5,1,1,1,2,3,3,5,8,13,18,22,24
2022-04-28,11,17,20,39,40,3,127,130,11120.0,17,32,311,10112,23.0,23,51,6,2,2,2,2,2,3,5,10,15,19,21,25
2022-04-25,11,25,29,30,40,6,135,141,11210.0,15,32,221,10013,41.0,23,50,6,0,0,1,2,2,3,5,10,15,18,22,25
2022-04-21,2,6,16,42,44,4,110,114,20012.0,20,5,212,10220,23.0,14,23,6,0,0,1,1,1,3,5,10,14,18,21,25
2022-04-18,1,13,15,28,37,2,94,96,1121.0,24,41,41,2111,23.0,23,68,6,0,0,0,1,1,2,5,9,13,17,21,24
2022-04-14,12,23,26,30,32,4,123,127,2210.0,13,14,302,1211,32.0,14,46,6,1,1,1,2,2,2,5,9,13,18,21,25
2022-04-11,32,34,40,42,43,2,191,193,32000.0,11,14,131,11201,50.0,14,77,4,1,1,1,2,3,3,5,9,14,18,23,25
2022-04-07,17,27,32,36,38,2,150,152,3110.0,30,23,302,1310,41.0,14,41,6,1,1,1,1,2,2,5,10,14,19,22,26
2022-04-04,1,8,11,22,27,3,69,72,212.0,19,32,221,1220,14.0,14,17,6,0,1,1,2,2,2,5,10,15,19,23,24
2022-03-31,2,6,23,45,48,7,124,131,20102.0,24,23,203,2111,23.0,23,33,6,0,0,0,1,2,2,5,10,14,19,21,25
2022-03-28,7,11,13,16,40,5,87,92,10031.0,17,32,140,1121,14.0,32,38,6,0,0,0,1,1,2,5,9,14,17,21,23
2022-03-24,9,14,29,34,37,2,123,125,2111.0,33,32,221,40100,32.0,23,95,4,1,1,2,2,3,4,5,10,14,18,21,24
2022-03-21,8,17,18,26,29,7,98,105,221.0,38,23,401,12110,23.0,23,64,5,0,1,2,3,4,4,5,10,15,19,23,24
2022-03-17,6,10,12,35,42,6,105,111,11021.0,15,14,113,212,23.0,5,17,6,0,0,0,0,0,1,5,10,14,18,19,22
2022-03-14,3,9,13,17,45,4,87,91,10022.0,27,50,113,12101,14.0,32,38,5,0,0,0,1,1,1,5,9,13,15,18,22
2022-03-10,5,26,27,43,47,5,148,153,20201.0,28,41,311,1211,41.0,32,113,5,1,1,1,1,1,1,5,9,11,14,18,22
2022-03-07,8,11,32,34,43,7,128,135,12011.0,18,23,320,12110,32.0,23,73,6,1,3,4,4,4,4,5,9,13,17,21,25
2022-03-03,1,24,29,37,43,2,134,136,11201.0,24,41,131,21110,32.0,32,115,6,1,2,2,2,2,3,5,10,14,18,22,24
2022-02-28,8,13,24,32,46,6,123,129,11111.0,23,14,221,12110,23.0,14,41,6,0,0,1,1,1,2,5,9,14,18,20,24
2022-02-24,16,29,31,34,35,5,145,150,3110.0,25,32,230,20021,41.0,23,91,6,1,1,1,1,1,1,5,10,14,16,20,24
2022-02-21,2,18,33,35,39,7,127,134,3011.0,27,32,203,12101,32.0,14,41,6,0,1,2,2,2,2,5,10,13,17,21,25
2022-02-17,8,10,30,40,44,3,132,135,21011.0,12,5,221,11003,32.0,5,21,6,0,0,1,2,2,2,5,8,13,18,22,24
2022-02-14,2,7,17,45,49,2,120,122,20012.0,30,41,221,10301,23.0,32,34,6,2,2,2,3,3,4,5,10,15,20,22,25
2022-02-10,1,2,18,38,49,1,108,109,11012.0,28,23,221,12110,23.0,14,32,6,0,0,0,1,1,2,5,10,15,18,21,24
2022-02-07,6,23,25,44,46,2,144,146,20201.0,24,23,221,11021,32.0,14,44,3,0,0,1,2,2,3,5,10,14,18,21,23
2022-02-03,15,19,24,30,43,4,131,135,11120.0,21,32,23,21002,23.0,23,72,6,0,0,0,1,1,1,5,9,13,17,19,24
2022-01-31,4,13,17,32,47,4,113,117,11021.0,23,32,320,11300,23.0,32,79,5,1,2,3,3,3,3,5,10,15,17,22,24
2022-01-27,2,29,34,46,47,2,158,160,21101.0,28,23,320,20210,41.0,32,118,6,0,0,1,1,1,1,5,10,13,18,20,24
2022-01-24,12,13,23,28,45,6,121,127,10220.0,21,32,122,3101,23.0,23,53,6,0,1,1,2,2,2,5,9,14,17,21,24
2022-01-20,4,16,40,43,49,3,152,155,30011.0,22,23,50,21011,32.0,14,57,6,1,1,3,4,4,4,5,10,15,20,23,23
2022-01-17,6,16,42,45,46,6,155,161,30011.0,25,14,23,131,32.0,5,40,6,0,0,0,1,2,3,5,10,15,19,20,22
2022-01-13,7,21,25,33,48,7,134,141,11201.0,24,41,23,2111,32.0,14,28,6,0,0,0,2,4,4,5,10,14,17,21,24
2022-01-10,10,28,35,40,43,5,156,161,21110.0,16,23,140,2003,41.0,14,57,6,0,0,1,1,1,2,5,9,13,17,20,25
2022-01-06,31,39,41,44,49,1,204,205,32000.0,24,41,221,30020,50.0,23,108,3,1,1,1,2,2,3,5,9,13,17,22,24
2022-01-03,6,8,15,29,41,6,99,105,10112.0,29,32,302,11021,23.0,23,80,6,1,2,2,2,3,3,5,10,14,19,22,24
2021-12-30,21,25,29,42,43,1,160,161,20300.0,20,41,122,11111,41.0,23,89,5,0,0,0,0,0,2,5,9,14,17,19,23
2021-12-27,8,26,33,46,48,1,161,162,21101.0,31,14,212,3020,41.0,5,52,6,1,1,2,2,2,2,5,10,14,16,20,21
2021-12-23,8,17,30,31,47,3,133,136,12011.0,23,32,311,1211,32.0,32,105,6,0,0,1,2,3,3,5,9,12,17,19,21
2021-12-20,3,37,38,40,45,4,163,167,22001.0,23,32,122,2102,41.0,23,66,6,1,2,2,2,3,3,5,9,14,16,19,22
2021-12-16,6,22,33,38,39,6,138,144,3101.0,28,23,113,12110,32.0,5,48,5,1,1,2,2,3,3,5,10,13,16,20,23
2021-12-13,14,16,17,37,38,6,122,128,2030.0,32,23,320,11210,23.0,23,82,4,0,2,2,2,2,2,5,10,13,17,20,24
2021-12-09,8,19,29,35,43,6,134,140,11111.0,34,41,320,22001,32.0,32,105,6,0,0,0,1,1,2,5,8,12,16,20,24
2021-12-06,14,17,27,30,39,7,127,134,2120.0,27,32,203,20201,32.0,14,47,4,2,2,2,3,3,3,5,9,13,18,22,24
2021-12-02,1,17,39,45,48,2,150,152,21011.0,30,41,113,11111,32.0,14,41,6,1,2,2,2,2,2,5,10,15,19,21,22
2021-11-29,1,4,5,6,41,2,57,59,10004.0,17,32,221,10031,14.0,23,52,5,0,0,1,1,1,3,5,10,15,17,18,22
2021-11-25,13,17,19,32,34,7,115,122,2030.0,25,32,230,21200,23.0,32,51,4,0,0,1,2,2,3,5,10,13,15,19,21
2021-11-22,14,15,21,22,47,3,119,122,10220.0,19,32,212,10211,14.0,14,75,4,0,2,3,4,4,5,5,10,13,18,20,24
2021-11-18,1,9,35,36,40,2,121,123,12002.0,21,32,122,10022,32.0,5,18,6,0,0,0,1,1,1,5,8,13,16,20,25
2021-11-15,17,21,22,31,46,2,137,139,11210.0,17,32,131,230,23.0,23,94,6,2,2,3,3,3,4,5,10,14,18,23,27
2021-11-11,17,19,21,33,47,5,137,142,11120.0,27,50,212,11210,23.0,32,104,4,0,1,2,2,2,2,5,10,15,20,24,26
2021-11-08,6,14,25,37,41,1,123,124,11111.0,23,32,221,10121,32.0,23,95,6,0,0,0,1,2,2,5,10,15,20,23,25
2021-11-04,19,31,34,35,48,5,167,172,13010.0,27,32,131,21011,41.0,23,84,6,0,0,0,0,1,1,5,10,15,18,21,23
2021-11-01,5,13,15,17,49,3,99,102,10031.0,29,50,221,11102,14.0,32,45,5,0,0,0,0,0,1,5,10,13,16,18,22
2021-10-28,11,26,29,32,44,2,142,144,11210.0,22,23,500,20120,41.0,23,55,3,0,1,2,3,4,4,5,9,13,16,21,25
2021-10-25,6,20,38,43,46,2,153,155,21101.0,23,14,221,2021,32.0,14,95,6,1,2,3,3,3,3,5,10,14,19,23,26
2021-10-21,3,8,14,32,43,1,100,101,11012.0,20,23,311,13100,23.0,23,55,4,0,1,1,1,1,1,5,10,15,19,22,25
2021-10-18,10,16,20,29,35,6,110,116,1220.0,20,23,320,10013,23.0,14,43,4,0,0,1,2,2,3,5,10,15,19,22,25
2021-10-14,8,18,26,38,40,6,130,136,11111.0,30,5,311,3011,32.0,5,42,6,0,0,0,1,2,3,5,10,14,18,22,25
2021-10-11,11,15,19,34,42,4,121,125,11030.0,21,32,122,20111,23.0,23,64,3,0,0,0,1,1,1,5,9,13,18,21,22
2021-10-07,2,9,16,31,39,2,97,99,2012.0,27,32,122,20120,23.0,23,49,5,1,2,2,3,4,4,5,10,15,19,21,24
2021-10-04,5,9,10,41,47,3,112,115,20012.0,22,41,311,10112,23.0,32,98,6,0,0,1,2,2,2,5,10,15,18,21,23
2021-09-30,17,18,25,39,44,2,143,145,11120.0,33,32,212,21101,32.0,14,51,6,0,0,1,1,2,2,5,10,14,17,20,21
2021-09-27,1,12,26,34,35,1,108,109,2111.0,18,23,221,10121,32.0,5,48,6,0,0,0,1,2,3,5,9,12,16,18,22
2021-09-23,2,3,5,32,38,4,80,84,2003.0,20,23,401,2201,23.0,32,29,6,1,2,3,3,3,4,5,9,14,16,20,23
2021-09-20,6,16,32,44,47,3,145,148,21011.0,25,14,311,10220,32.0,14,63,6,1,1,2,2,2,2,5,10,13,17,20,23
2021-09-16,3,21,28,32,37,6,121,127,2201.0,21,32,122,2210,32.0,23,49,6,0,1,2,2,2,2,5,9,14,17,20,21
2021-09-13,1,17,23,38,43,2,122,124,11111.0,22,41,320,3110,23.0,32,105,6,1,1,3,4,4,4,5,10,15,19,20,21
2021-09-09,16,23,32,35,36,2,142,144,3110.0,22,23,311,1121,32.0,14,40,6,0,0,0,1,2,2,5,10,14,16,18,21
2021-09-06,3,22,34,41,49,2,149,151,21101.0,19,32,131,21110,32.0,23,81,5,0,1,1,2,2,3,5,10,12,15,18,21
2021-09-02,2,17,25,33,43,1,120,121,11111.0,20,41,221,2201,32.0,32,81,5,0,2,3,3,4,4,5,9,13,16,20,24
2021-08-30,13,34,38,45,46,7,176,183,22010.0,26,23,131,12011,41.0,14,82,6,1,1,1,1,1,1,5,9,12,16,20,24
2021-08-26,2,13,23,31,33,3,102,105,2111.0,12,41,221,3110,23.0,41,83,5,1,2,2,2,2,2,5,9,13,17,21,25
2021-08-23,3,4,31,36,43,4,117,121,12002.0,17,32,32,12020,32.0,32,79,6,1,1,1,1,2,3,5,9,13,17,22,25
2021-08-19,1,2,3,7,8,1,21,22,5.0,21,32,221,2210,5.0,32,13,2,1,1,2,2,2,2,5,9,14,19,22,27
2021-08-16,2,5,9,25,41,2,82,84,10103.0,22,41,311,10112,23.0,32,51,5,1,1,1,1,1,1,5,10,15,18,23,24
2021-08-12,6,25,47,48,49,2,175,177,30101.0,35,32,122,11111,41.0,14,64,5,0,0,0,0,0,0,5,10,13,18,19,24
2021-08-09,3,14,15,27,28,2,87,89,221.0,27,32,113,12101,23.0,14,17,3,0,1,1,2,2,3,5,9,14,16,21,22
2021-08-05,16,19,21,29,43,2,128,130,10220.0,28,41,131,21020,23.0,32,103,6,1,1,2,2,2,3,5,10,13,18,19,22
2021-08-02,4,14,19,42,45,6,124,130,20021.0,24,23,122,30101,23.0,14,36,6,0,1,1,1,1,1,5,9,14,15,18,21
2021-07-29,20,26,40,44,46,6,176,182,30200.0,16,5,320,10022,41.0,5,54,4,1,1,2,2,3,4,5,10,12,15,19,23
2021-07-26,21,27,30,42,44,3,164,167,21200.0,14,23,104,10211,41.0,5,28,6,0,1,2,2,2,2,5,8,12,16,20,22
2021-07-22,8,17,33,35,39,2,132,134,3011.0,32,41,302,12101,32.0,14,58,6,2,3,3,3,3,3,5,10,14,18,20,22
2021-07-19,15,17,20,21,35,3,108,111,1220.0,18,41,302,113,14.0,14,34,6,0,1,1,1,3,3,5,10,14,16,20,22
2021-07-15,23,27,29,37,39,3,155,158,2300.0,35,50,212,21200,41.0,32,105,4,0,0,2,2,3,3,5,9,13,17,20,23
2021-07-12,5,10,15,25,46,7,101,108,10121.0,21,32,131,14,23.0,14,33,4,1,2,2,3,4,4,5,10,14,18,22,26
2021-07-08,6,25,31,36,40,1,138,139,12101.0,18,23,32,32,41.0,14,41,6,0,0,1,2,2,2,5,9,14,19,23,26
2021-07-05,4,10,14,27,39,4,94,98,1121.0,24,23,122,30101,23.0,5,30,6,1,1,1,2,3,4,5,10,15,20,24,27
2021-07-01,2,9,14,20,21,6,66,72,212.0,16,23,302,20111,5.0,14,17,4,0,0,0,0,0,0,5,10,15,19,22,24
2021-06-28,13,15,31,37,38,4,134,138,3020.0,24,41,131,2111,32.0,32,110,6,0,0,0,1,1,1,5,10,14,18,20,22
2021-06-24,6,8,26,28,46,7,114,121,10202.0,34,5,221,2030,32.0,5,48,2,0,1,1,1,1,1,5,10,14,16,18,23
2021-06-21,10,29,33,44,48,2,164,166,21110.0,24,23,212,22001,41.0,14,50,3,0,1,2,2,2,4,5,10,13,15,20,22
2021-06-17,11,16,17,39,46,5,129,134,11030.0,29,32,221,10130,23.0,23,69,6,0,1,2,2,3,4,5,9,12,17,20,23
2021-06-14,7,10,15,27,45,4,104,108,10121.0,24,41,23,203,23.0,14,17,6,1,1,1,2,3,3,5,8,13,17,21,24
2021-06-10,4,15,22,44,46,1,131,132,20111.0,21,14,131,20111,23.0,5,44,6,2,2,2,2,2,3,5,10,14,18,21,24
2021-06-07,9,15,24,39,46,6,133,139,11111.0,33,32,14,30011,23.0,5,46,5,0,0,0,0,1,1,5,9,13,16,20,22
2021-06-03,2,21,31,36,38,7,128,135,3101.0,18,23,212,1130,32.0,23,62,6,1,2,3,4,4,4,5,10,14,19,21,24
2021-05-31,2,16,27,29,48,4,122,126,10211.0,32,23,212,11210,32.0,23,34,6,0,1,1,2,2,2,5,10,15,18,21,22
2021-05-27,17,28,38,45,47,7,175,182,21110.0,35,32,311,2201,41.0,23,100,6,0,0,1,2,2,2,5,10,14,18,19,21
2021-05-24,8,18,23,27,36,3,112,115,1211.0,32,23,203,3110,23.0,14,28,5,0,0,0,1,1,1,5,9,13,15,17,19
2021-05-20,1,14,24,31,44,1,114,115,11111.0,14,23,221,30020,23.0,14,55,4,1,2,2,3,3,3,5,10,12,15,17,21
2021-05-17,2,14,43,47,49,7,155,162,30011.0,25,32,320,21200,32.0,32,99,6,0,2,3,5,5,5,5,9,13,17,21,25
2021-05-13,13,15,38,41,44,5,151,156,21020.0,21,32,311,12011,32.0,23,94,5,1,2,2,2,2,2,5,10,14,18,22,24
2021-05-10,2,3,15,36,43,5,99,104,11012.0,19,32,113,2111,23.0,32,53,6,0,0,0,1,1,1,5,9,13,18,20,23
2021-05-06,14,24,25,26,38,3,127,130,1310.0,27,14,311,21011,32.0,5,49,4,1,1,1,2,2,3,5,9,14,17,20,25
2021-05-03,7,24,29,47,49,1,156,157,20201.0,36,41,221,30200,32.0,32,88,6,1,1,1,1,1,2,5,10,13,16,21,23
2021-04-29,5,19,23,37,47,2,131,133,11111.0,31,50,320,11201,23.0,50,131,4,0,1,1,1,2,2,5,9,12,17,20,22
2021-04-26,12,34,35,36,42,2,159,161,13010.0,19,14,113,10211,41.0,5,34,5,1,2,2,2,2,3,5,9,14,17,19,24
2021-04-22,14,20,35,40,47,2,156,158,21110.0,16,23,410,10103,32.0,14,61,6,1,1,1,1,1,2,5,10,13,15,20,24
2021-04-19,10,28,31,42,47,2,158,160,21110.0,18,23,131,1211,41.0,23,95,6,0,2,3,3,3,3,5,10,13,18,22,24
2021-04-15,1,33,38,39,45,1,156,157,13001.0,26,41,113,12011,41.0,5,54,5,0,2,2,3,4,4,5,10,15,20,23,26
2021-04-12,23,29,42,47,48,2,189,191,30200.0,29,32,302,12200,41.0,32,111,4,0,0,0,1,1,1,5,10,15,19,22,25
2021-04-08,10,26,33,39,43,2,151,153,12110.0,21,32,122,12011,41.0,14,77,6,0,0,0,0,0,1,5,10,14,17,20,23
2021-04-05,5,12,25,27,44,6,113,119,10211.0,23,32,212,10202,32.0,14,21,6,0,0,0,0,1,1,5,9,12,15,19,23
2021-04-01,1,2,8,35,49,3,95,98,11003.0,25,32,320,11111,23.0,14,15,6,1,2,2,2,2,2,5,9,12,16,20,23
2021-03-29,7,8,18,45,48,4,126,130,20012.0,36,23,113,3101,23.0,14,17,6,1,2,3,4,4,4,5,9,14,19,22,24
2021-03-25,2,4,6,14,45,7,71,78,10013.0,21,14,212,20111,14.0,14,17,5,1,1,1,3,3,3,5,10,15,20,22,23
2021-03-22,9,18,24,28,45,1,124,125,10211.0,34,23,14,22001,23.0,5,17,6,0,0,0,0,1,1,5,10,15,17,19,21
2021-03-18,7,21,22,39,44,4,133,137,11201.0,23,32,122,20210,23.0,14,36,6,0,0,1,2,2,2,5,10,13,16,18,22
2021-03-15,8,15,20,26,30,6,99,105,1211.0,19,14,302,1013,23.0,5,23,6,0,1,3,3,3,3,5,9,14,16,20,23
2021-03-11,6,12,14,17,46,4,95,99,10031.0,25,14,212,10220,14.0,14,52,6,1,1,2,2,2,2,5,10,13,17,20,23
2021-03-08,14,30,36,43,44,5,167,172,22010.0,17,14,212,21011,41.0,14,71,6,0,2,2,2,2,2,5,10,14,17,20,23
2021-03-04,3,15,21,24,26,4,89,93,311.0,19,32,104,11021,14.0,14,30,6,0,0,1,2,2,3,5,9,13,17,20,24
2021-03-01,6,14,16,30,48,2,114,116,11021.0,24,5,113,11021,23.0,5,17,6,1,1,1,1,1,1,5,9,13,16,20,21
2021-02-25,5,16,29,35,40,1,125,126,11111.0,25,32,320,10013,32.0,23,43,4,1,1,1,1,1,1,5,9,12,16,17,21
2021-02-22,4,16,25,26,42,5,113,118,10211.0,23,14,131,10121,32.0,5,30,6,1,2,3,4,4,4,5,9,14,16,20,23
2021-02-18,7,15,16,19,41,6,98,104,10031.0,28,41,131,10121,14.0,32,77,6,1,1,1,1,1,2,5,10,12,16,19,22
2021-02-15,9,18,25,27,41,1,120,121,10211.0,30,41,113,11111,32.0,14,51,4,0,2,3,3,3,3,5,9,14,17,20,23
2021-02-11,3,32,42,43,49,5,169,174,31001.0,19,32,122,12200,41.0,23,55,6,1,1,1,1,3,3,5,10,13,16,21,23
2021-02-08,3,4,18,28,41,1,94,95,10112.0,24,23,122,13010,23.0,23,53,6,0,1,2,2,3,4,5,9,13,18,21,24
2021-02-04,9,11,36,38,48,6,142,148,12011.0,32,23,203,12020,32.0,14,35,4,1,2,2,2,2,2,5,10,15,18,21,25
2021-02-01,6,30,36,41,45,3,158,161,22001.0,18,23,104,32,41.0,14,51,6,0,0,1,2,2,3,5,10,14,18,22,24
2021-01-28,1,7,11,18,22,4,59,63,122.0,19,32,131,1220,5.0,23,24,4,0,0,0,1,3,3,5,9,13,18,22,22
2021-01-25,14,17,21,42,43,3,137,140,20120.0,17,32,212,11210,23.0,23,72,6,1,1,1,1,2,2,5,9,14,18,19,21
2021-01-21,6,14,16,28,37,1,101,102,1121.0,31,14,131,11120,23.0,14,49,6,1,1,1,2,3,3,5,10,14,16,19,21
2021-01-18,2,3,5,37,45,3,92,95,11003.0,22,41,212,1202,23.0,41,47,6,0,1,2,2,3,3,5,10,13,16,19,21
2021-01-14,4,7,13,15,47,1,86,87,10022.0,26,41,131,11201,14.0,32,77,6,0,1,1,1,1,1,5,9,12,15,17,20
2021-01-11,1,5,22,30,38,7,96,103,2102.0,16,23,221,1112,23.0,14,41,5,1,2,2,3,3,3,5,9,12,15,18,22
2021-01-07,2,15,28,38,42,2,125,127,11111.0,25,14,212,2201,32.0,14,36,5,1,2,3,3,3,3,5,9,13,16,20,24
2021-01-04,6,15,20,30,31,1,102,103,2111.0,12,23,113,23,23.0,14,41,6,1,2,4,4,4,4,5,10,15,19,23,25
2020-12-31,11,15,37,39,42,3,144,147,12020.0,24,41,113,10211,32.0,23,78,6,0,0,1,2,2,2,5,10,15,20,22,27
2020-12-28,2,21,22,29,30,6,104,110,1301.0,14,23,212,10211,23.0,23,57,4,0,0,0,2,2,2,5,10,15,19,24,24
2020-12-24,6,27,31,35,44,5,143,148,12101.0,23,32,212,10121,41.0,14,59,5,0,0,0,0,2,2,5,10,14,19,21,26
2020-12-21,4,33,37,46,49,5,169,174,22001.0,29,32,41,21110,41.0,14,83,6,0,1,1,1,1,2,5,10,15,17,22,23
2020-12-17,14,23,24,39,41,4,141,145,11210.0,21,32,302,31010,23.0,23,89,6,0,0,0,0,2,3,5,10,12,17,20,24
2020-12-14,17,22,29,45,49,1,162,163,20210.0,32,41,221,20201,32.0,23,74,6,0,2,2,3,3,4,5,9,14,18,22,26
2020-12-10,3,8,9,10,48,6,78,84,10013.0,28,23,113,13001,14.0,14,10,5,1,1,1,1,1,1,5,10,14,18,22,22
2020-12-07,17,29,35,44,48,3,173,176,21110.0,33,32,401,21101,41.0,23,74,6,0,1,1,1,2,2,5,10,14,18,19,22
2020-12-03,7,12,18,21,43,4,101,105,10121.0,21,32,23,2210,14.0,23,55,6,0,0,1,2,2,2,5,9,14,16,19,20
2020-11-30,22,24,33,41,44,1,164,165,21200.0,14,23,212,21110,32.0,14,57,5,1,1,1,2,2,4,5,10,12,16,17,21
2020-11-26,5,13,23,24,46,3,111,114,10211.0,21,32,221,12011,14.0,32,46,6,0,1,1,3,3,3,5,8,12,15,19,21
2020-11-23,6,34,37,43,45,7,165,172,22001.0,25,32,32,11111,41.0,23,107,6,2,2,2,2,3,3,5,9,12,16,19,23
2020-11-19,21,23,35,37,43,5,159,164,12200.0,19,50,221,2111,32.0,32,118,4,1,2,3,3,3,3,5,9,14,17,21,22
2020-11-16,14,32,35,40,44,5,165,170,22010.0,15,14,410,20102,41.0,5,25,6,1,1,1,1,3,3,5,10,13,17,20,22
2020-11-12,5,13,14,29,43,1,104,105,10121.0,24,41,320,22001,23.0,41,99,6,0,0,0,2,3,3,5,8,12,17,20,23
2020-11-09,2,21,33,41,42,4,139,143,21101.0,9,32,203,1220,32.0,23,64,6,2,2,2,2,2,2,5,9,14,17,20,24
2020-11-05,2,28,33,34,38,2,135,137,3101.0,25,14,221,13100,41.0,14,59,5,1,1,2,2,3,3,5,10,14,17,22,25
2020-11-02,7,10,27,38,49,6,131,137,11111.0,31,32,131,11201,32.0,14,36,5,0,1,1,1,1,3,5,10,13,18,21,24
2020-10-29,14,19,35,43,44,6,155,161,21020.0,25,32,320,31001,32.0,23,87,6,0,1,1,1,1,1,5,9,14,17,20,23
2020-10-26,7,9,29,33,39,1,117,118,2102.0,37,50,113,31100,32.0,23,63,6,1,1,1,1,2,3,5,10,13,16,20,24
2020-10-22,4,14,24,29,31,1,102,103,1211.0,22,23,221,40010,23.0,23,72,5,0,0,1,1,1,1,5,8,12,16,20,23
2020-10-19,17,28,37,46,48,5,176,181,21110.0,36,23,131,2210,41.0,23,89,3,2,2,2,2,3,3,5,9,13,17,21,24
2020-10-15,21,23,37,41,46,4,168,172,21200.0,18,41,221,1130,32.0,32,113,6,1,1,2,2,3,3,5,9,14,18,22,24
2020-10-12,10,27,29,46,47,2,159,161,20210.0,29,32,221,10211,41.0,23,109,4,1,1,1,2,3,3,5,10,14,19,22,24
2020-10-08,10,11,26,33,40,5,120,125,11120.0,10,23,221,1022,32.0,14,34,5,0,0,0,2,2,2,5,9,14,19,21,24
2020-09-28,3,12,16,23,39,6,93,99,1121.0,23,32,113,12110,14.0,23,41,6,1,1,1,2,3,3,5,10,15,18,22,25
2020-09-24,23,28,35,36,49,2,171,173,12200.0,31,32,221,12011,41.0,14,40,5,0,0,1,1,1,2,5,10,14,18,21,23
2020-09-21,14,27,30,34,37,6,142,148,3110.0,22,23,122,20201,41.0,14,71,4,0,1,1,1,3,3,5,10,14,17,21,24
2020-09-17,10,18,26,31,47,7,132,139,11120.0,22,23,221,1121,32.0,23,101,3,0,1,1,2,2,2,5,10,13,18,21,23
2020-09-14,8,12,14,32,49,4,115,119,11021.0,25,14,311,21200,23.0,5,12,6,0,1,1,1,1,2,5,9,14,17,19,23
2020-09-10,4,10,16,17,24,1,71,72,131.0,21,14,131,20111,5.0,14,27,4,1,1,2,3,3,3,5,10,14,17,21,23
2020-09-07,1,6,11,14,16,4,48,52,32.0,18,23,221,10040,5.0,14,24,3,0,1,2,2,2,3,5,10,14,18,20,25
2020-09-03,15,28,30,34,47,5,154,159,12110.0,24,23,122,11102,41.0,14,81,4,0,1,1,1,1,1,5,10,14,16,21,26
2020-08-31,1,3,9,10,46,2,69,71,10013.0,19,32,32,11021,14.0,14,34,6,0,1,2,2,2,2,5,10,13,18,23,25
2020-08-27,16,24,30,39,44,5,153,158,12110.0,23,14,113,30011,32.0,5,34,5,0,0,0,0,0,1,5,8,13,18,20,22
2020-08-24,3,22,38,40,49,5,152,157,21101.0,22,23,131,12101,32.0,14,47,6,2,2,2,2,2,3,5,10,15,17,19,22
2020-08-20,19,22,38,45,46,6,170,176,21110.0,30,23,131,11111,32.0,14,63,6,0,0,2,3,3,3,5,10,14,17,20,23
2020-08-17,11,18,32,42,48,4,151,155,21020.0,21,14,203,2210,32.0,14,23,6,0,0,0,1,1,2,5,9,12,16,19,21
2020-08-13,2,5,7,13,27,4,54,58,113.0,24,41,221,1301,14.0,41,30,6,1,2,2,2,3,3,5,9,13,16,19,21
2020-08-10,7,8,22,34,45,4,116,120,11102.0,26,23,131,11201,23.0,14,45,6,1,1,2,2,2,2,5,9,13,16,18,20
2020-08-06,22,24,27,43,46,6,162,168,20300.0,22,23,32,11210,32.0,14,82,4,1,1,2,2,3,4,5,9,13,15,18,22
2020-08-03,12,18,22,40,44,2,136,138,20120.0,16,5,122,11201,23.0,5,21,4,1,2,3,3,3,3,5,10,13,16,20,24
2020-07-30,9,22,23,35,45,4,134,138,11201.0,24,41,212,11102,23.0,14,51,5,0,0,1,1,1,1,5,8,12,16,20,24
2020-07-27,4,5,11,12,27,4,59,63,122.0,19,32,212,10211,14.0,23,21,4,2,2,2,2,3,4,5,9,13,17,22,24
2020-07-23,4,12,18,33,39,3,106,109,2021.0,26,23,14,22100,23.0,5,29,4,1,1,1,1,3,3,5,9,13,18,22,25
2020-07-20,12,20,32,43,45,6,152,158,21110.0,12,23,212,1202,32.0,14,53,6,1,2,2,2,2,3,5,10,15,19,22,24
2020-07-16,20,24,31,34,49,3,158,161,12200.0,18,23,131,30011,32.0,14,65,6,0,0,0,1,3,4,5,10,14,18,22,26
2020-07-13,6,7,16,26,32,2,87,89,1112.0,27,14,221,230,23.0,14,25,5,0,1,1,1,1,1,5,10,14,18,22,25
2020-07-09,3,8,13,17,27,1,68,69,122.0,28,41,212,3200,14.0,32,35,3,0,0,1,1,1,1,5,9,14,18,21,23
2020-07-06,5,7,18,28,39,1,97,98,1112.0,37,32,122,12101,23.0,23,30,4,1,1,2,2,3,3,5,10,15,18,21,24
2020-07-02,7,14,24,29,36,7,110,117,1211.0,30,23,212,30110,23.0,23,41,4,0,0,0,0,0,0,5,10,13,16,19,22
2020-06-29,2,12,13,20,34,3,81,84,1121.0,11,14,221,11201,14.0,23,40,6,0,1,1,1,1,3,5,9,12,15,18,21
2020-06-25,25,28,30,48,49,3,180,183,21200.0,30,23,32,12002,50.0,5,17,6,1,2,3,3,4,4,5,9,13,16,20,22
2020-06-22,2,4,28,35,38,1,107,108,2102.0,27,14,320,12101,32.0,14,33,6,1,2,2,3,3,3,5,10,13,18,20,22
2020-06-18,4,18,25,26,46,5,119,124,10211.0,29,14,131,11021,32.0,5,46,5,0,2,2,2,2,3,5,10,15,17,19,23
2020-06-15,23,30,38,40,43,6,174,180,22100.0,14,23,221,3002,41.0,23,95,6,0,0,1,1,1,2,5,10,13,15,19,23
2020-06-11,3,4,10,25,32,6,74,80,1112.0,14,23,131,11102,23.0,14,10,4,0,1,1,1,1,2,5,9,11,15,19,22
2020-06-08,12,19,34,35,48,7,148,155,12020.0,28,23,122,21101,32.0,14,53,6,1,2,3,3,4,4,5,8,13,17,21,26
2020-06-04,6,21,25,34,38,7,124,131,2201.0,24,23,122,11021,32.0,5,53,4,2,2,2,2,2,2,5,10,14,18,23,24
2020-06-01,6,22,35,38,47,5,148,153,12101.0,28,23,311,1211,32.0,14,94,5,0,1,2,2,2,2,5,10,15,20,21,24
2020-05-28,11,12,36,39,46,1,144,145,12020.0,24,23,113,10130,32.0,14,52,6,0,0,0,1,1,2,5,10,15,17,20,22
2020-05-25,15,35,42,43,45,7,180,187,31010.0,20,41,113,1103,41.0,14,60,6,0,0,3,3,4,4,5,10,15,18,21,24
2020-05-21,4,26,47,48,49,2,174,176,30101.0,34,23,221,21110,41.0,14,72,4,0,0,1,1,2,2,5,10,14,17,21,24
2020-05-18,3,9,10,30,41,6,93,99,11012.0,13,32,113,11012,23.0,23,51,6,0,0,1,1,1,1,5,9,13,17,20,23
2020-05-14,32,35,43,45,46,3,201,204,32000.0,21,32,221,1112,50.0,14,83,4,1,1,1,2,3,3,5,9,13,17,21,24
2020-05-11,14,18,28,45,47,1,152,153,20120.0,32,23,212,12101,32.0,14,64,6,1,1,1,1,1,1,5,9,13,17,20,25
2020-05-07,9,12,15,38,47,2,121,123,11021.0,31,32,203,11201,23.0,14,76,5,1,2,2,2,2,2,5,10,14,17,22,26
2020-05-04,1,5,24,26,47,5,103,108,10202.0,23,32,311,10121,23.0,23,71,4,0,1,1,1,1,2,5,10,13,18,22,25
2020-04-30,6,9,17,25,35,2,92,94,1112.0,32,41,212,10112,23.0,14,34,5,0,1,1,2,3,3,5,9,14,19,23,24
2020-04-27,2,21,32,39,47,1,141,142,12101.0,21,32,302,10310,32.0,23,72,6,1,1,1,1,1,1,5,10,15,19,20,22
2020-04-23,4,19,21,25,41,6,110,116,10211.0,20,41,131,20021,23.0,23,77,6,0,0,0,0,1,2,5,10,14,15,18,21
2020-04-20,8,13,27,33,44,1,125,126,11111.0,25,32,212,13100,32.0,14,29,6,0,1,2,2,3,3,5,10,12,15,19,22
2020-04-16,10,11,22,35,40,7,118,125,11120.0,8,23,230,113,23.0,14,25,6,0,2,2,3,4,4,5,9,12,17,21,24
2020-04-13,1,12,17,27,31,1,88,89,1121.0,18,41,122,320,23.0,23,54,6,1,2,2,2,3,3,5,9,14,18,22,25
2020-04-09,8,11,12,22,48,7,101,108,10121.0,21,14,212,2210,14.0,14,16,6,1,1,2,3,3,4,5,10,15,20,23,27
2020-04-06,1,11,19,28,43,6,102,108,10121.0,22,41,140,12020,23.0,32,83,6,0,0,0,0,0,0,5,10,15,18,22,25
2020-04-02,20,21,29,33,35,1,138,139,2300.0,18,41,302,11012,32.0,14,57,6,0,0,0,0,0,0,5,10,13,17,20,23
2020-03-30,2,10,15,39,48,4,114,118,11021.0,24,23,113,11102,23.0,14,23,6,0,1,2,2,2,3,5,9,14,17,20,22
2020-03-26,8,9,17,25,36,6,95,101,1112.0,35,32,212,11111,23.0,14,27,5,1,1,1,1,2,2,5,10,13,16,19,24
2020-03-23,5,15,23,36,47,3,126,129,11111.0,26,41,302,1112,23.0,32,80,6,0,1,1,1,1,1,5,9,12,15,20,21
2020-03-19,12,32,39,40,49,7,172,179,22010.0,22,23,122,20201,41.0,5,30,6,1,1,2,2,2,2,5,8,12,17,18,22
2020-03-16,13,23,24,31,49,4,140,144,11210.0,20,41,131,22010,23.0,32,79,5,2,3,3,5,5,5,5,10,15,18,22,26
2020-03-12,16,19,31,41,49,1,156,157,21020.0,26,41,140,20030,32.0,32,100,6,0,0,2,2,2,3,5,10,15,19,23,25
2020-03-09,10,17,23,28,40,5,118,123,10220.0,18,23,230,2102,23.0,23,54,6,0,0,1,1,1,1,5,10,15,19,21,25
2020-03-05,4,20,37,42,46,3,149,152,21101.0,19,14,131,10211,32.0,14,77,6,0,0,1,2,2,2,5,10,15,18,22,25
2020-03-02,1,13,24,31,49,7,118,125,11111.0,18,41,41,21020,23.0,23,57,5,0,0,1,1,2,3,5,10,14,18,22,26
2020-02-27,6,10,22,35,45,1,118,119,11111.0,18,23,122,113,23.0,5,28,6,0,0,0,1,1,1,5,9,13,18,22,25
2020-02-24,2,4,9,29,30,4,74,78,1103.0,24,23,212,30101,23.0,23,39,6,1,2,2,2,2,3,5,10,15,19,22,24
2020-02-20,9,12,13,41,42,5,117,122,20021.0,17,32,113,11210,23.0,23,66,4,0,0,0,0,0,0,5,10,14,17,19,21
2020-02-17,4,5,7,39,48,5,103,108,11003.0,33,32,122,21101,23.0,23,30,6,0,0,0,1,1,1,5,9,12,15,17,20
2020-02-13,21,31,33,44,45,6,174,180,22100.0,14,41,113,11021,41.0,14,59,5,1,1,2,2,3,3,5,8,12,14,18,21
2020-02-10,1,8,19,28,33,3,89,92,1112.0,29,32,131,13010,23.0,14,43,6,2,2,3,3,3,3,5,9,12,16,19,21
2020-02-06,14,19,25,28,37,7,123,130,1220.0,33,32,140,21101,32.0,23,70,5,1,2,2,2,2,3,5,9,13,16,18,21
2020-02-03,2,19,39,44,49,4,153,157,21011.0,33,32,221,40100,32.0,23,55,5,1,1,2,2,2,2,5,9,13,15,18,21
2020-01-30,8,16,19,22,37,6,102,108,1121.0,32,23,140,11210,14.0,23,69,5,1,2,2,4,4,4,5,10,12,17,20,24
2020-01-27,8,21,30,35,38,2,132,134,3101.0,22,23,302,2012,32.0,5,36,6,0,1,1,1,2,3,5,8,13,16,21,24
2020-01-23,13,17,19,48,49,3,146,149,20030.0,36,41,131,22100,23.0,32,61,6,2,2,3,3,3,3,5,10,14,19,22,26
2020-01-20,6,8,19,20,49,2,102,104,10112.0,32,23,221,21011,14.0,14,36,6,0,1,1,2,2,2,5,10,15,19,23,25
2020-01-16,16,23,28,37,41,2,145,147,11210.0,25,32,230,2120,32.0,32,110,6,0,0,0,0,0,1,5,10,14,18,20,24
2020-01-13,5,9,14,17,20,4,65,69,122.0,25,32,401,20102,5.0,23,34,5,0,0,0,0,0,0,5,9,13,15,19,23
2020-01-09,11,21,25,42,47,3,146,149,20210.0,16,41,212,221,32.0,23,75,6,1,1,4,5,5,5,5,9,14,19,23,26
2020-01-06,11,19,31,38,43,4,142,146,12020.0,22,41,230,12020,32.0,41,106,5,1,1,1,1,2,3,5,10,15,19,23,26
2020-01-02,4,15,19,26,44,2,108,110,10121.0,28,23,221,30011,23.0,14,53,5,0,0,1,1,3,3,5,10,15,19,24,26
2019-12-30,1,25,33,42,47,2,148,150,21101.0,18,41,122,1211,41.0,14,76,6,0,0,0,0,1,1,5,10,14,19,22,26
2019-12-26,3,12,13,21,37,5,86,91,1121.0,16,41,23,2210,14.0,32,62,5,0,1,1,1,1,1,5,10,15,18,22,24
2019-12-23,4,8,23,40,45,7,120,127,20102.0,20,23,221,12002,23.0,14,33,6,0,0,2,2,3,3,5,10,15,19,22,23
2019-12-19,7,9,21,43,48,1,128,129,20102.0,28,41,23,12110,23.0,23,55,6,0,0,0,1,2,3,5,10,14,18,20,23
2019-12-16,17,22,26,38,44,7,147,154,11210.0,27,14,410,11210,32.0,14,62,6,0,1,1,2,2,2,5,10,14,17,20,22
2019-12-12,10,23,32,33,45,7,143,150,12110.0,13,32,212,2102,32.0,14,44,4,0,0,1,1,1,1,5,9,13,16,18,22
2019-12-09,6,20,34,38,49,3,147,150,12101.0,27,14,221,21011,32.0,5,53,5,1,1,1,3,3,3,5,9,12,16,20,24
2019-12-05,2,14,34,40,43,2,133,135,21011.0,13,14,230,21101,32.0,23,74,6,1,3,3,3,3,3,5,10,14,18,22,24
2019-12-02,9,10,26,37,43,3,125,128,11111.0,25,32,131,11111,32.0,23,103,5,0,1,1,1,2,2,5,10,14,18,21,21
2019-11-28,14,21,24,27,40,7,126,133,10310.0,16,23,113,20111,23.0,5,17,4,0,1,1,1,2,2,5,10,14,17,18,21
2019-11-25,5,6,9,20,42,3,82,85,10103.0,22,23,203,10112,14.0,14,17,6,0,0,0,2,3,3,5,9,12,15,19,24
2019-11-21,15,24,29,39,47,4,154,158,11210.0,34,41,203,30101,32.0,23,99,6,1,1,1,1,1,1,5,8,11,15,20,23
2019-11-18,22,25,33,44,47,1,171,172,21200.0,21,32,221,11201,41.0,14,68,3,2,3,3,3,3,3,5,9,13,18,21,23
2019-11-14,7,10,23,33,44,5,117,122,11111.0,17,32,221,12101,23.0,23,51,6,1,1,1,1,1,1,5,9,14,17,19,23
2019-11-11,7,14,20,22,42,6,105,111,10211.0,15,14,221,10301,14.0,14,28,6,1,1,1,2,2,2,5,10,13,16,20,23
2019-11-07,9,30,31,37,42,7,149,156,13001.0,19,32,23,10211,41.0,23,85,6,0,1,1,1,1,1,5,9,12,16,19,22
2019-11-04,1,2,13,18,38,2,72,74,1022.0,22,23,221,3110,14.0,23,38,6,1,1,2,2,2,2,5,8,13,16,19,23
2019-10-31,17,18,27,42,46,2,150,152,20120.0,30,23,113,1310,32.0,14,52,6,2,2,3,3,4,4,5,10,14,17,22,25
2019-10-28,7,12,17,18,39,5,93,98,1031.0,33,32,113,11300,14.0,23,42,5,0,0,2,2,3,3,5,9,14,19,23,23
2019-10-24,3,13,16,19,40,5,91,96,10031.0,21,32,41,12011,14.0,32,42,5,1,1,1,2,2,2,5,10,15,20,20,22
2019-10-21,16,25,27,28,41,3,137,140,10310.0,27,32,131,1121,41.0,14,58,6,0,0,0,0,0,1,5,10,15,15,17,21
2019-10-17,7,14,17,23,24,7,85,92,221.0,25,32,311,21200,5.0,32,52,4,0,0,3,4,4,5,5,10,13,16,20,22
2019-10-14,4,8,21,29,42,5,104,109,10202.0,24,23,212,21110,23.0,14,41,4,0,2,2,2,3,3,5,10,13,17,20,24
2019-10-10,6,12,19,34,49,7,120,127,11021.0,30,23,32,30110,23.0,14,48,5,0,1,2,3,3,3,5,9,14,18,22,23
2019-10-07,4,7,17,24,29,1,81,82,212.0,31,32,221,30200,14.0,32,58,6,1,1,1,2,3,3,5,10,14,19,21,24
2019-10-03,1,2,4,19,23,5,49,54,113.0,19,32,230,21110,5.0,32,45,6,0,1,1,2,2,2,5,10,15,18,21,24
2019-09-30,3,12,41,43,46,1,145,146,30011.0,15,32,122,2120,32.0,32,112,6,0,0,1,2,3,3,5,10,14,18,22,24
2019-09-26,4,6,14,21,37,3,82,85,1112.0,22,23,122,20120,14.0,14,49,6,0,1,1,2,2,2,5,10,14,19,21,24
2019-09-23,15,27,29,31,44,6,146,152,11210.0,26,41,212,20111,41.0,23,81,5,0,1,1,2,3,3,5,10,15,18,22,26
2019-09-19,6,19,24,35,46,2,130,132,11111.0,30,23,122,20021,23.0,14,59,5,0,0,0,0,0,1,5,10,13,17,21,25
2019-09-16,3,13,25,26,29,3,96,99,311.0,26,41,221,12011,32.0,32,52,6,0,0,0,0,0,1,5,8,12,16,20,22
2019-09-12,4,12,30,32,48,7,126,133,12011.0,16,5,113,11201,32.0,5,10,5,2,3,3,4,4,5,5,10,14,19,21,24
2019-09-09,15,32,39,42,48,3,176,179,22010.0,26,23,104,11201,41.0,5,30,6,0,0,0,0,2,3,5,9,14,16,21,26
2019-09-05,10,30,36,38,44,4,158,162,13010.0,18,5,212,11012,41.0,5,40,4,1,1,2,2,2,2,5,10,13,18,23,27
2019-09-02,16,28,36,37,49,1,166,167,12110.0,36,23,41,11120,41.0,14,49,4,0,0,0,0,0,2,5,8,13,18,22,26
2019-08-29,1,4,6,7,27,7,45,52,104.0,25,32,32,10220,14.0,14,13,5,2,2,2,3,3,3,5,10,15,20,24,26
2019-08-26,4,13,23,27,38,2,105,107,1211.0,25,32,221,13100,23.0,23,60,6,0,0,0,0,0,0,5,10,15,19,21,23
2019-08-22,5,12,15,25,32,6,89,95,1121.0,19,32,212,203,23.0,14,10,3,0,0,0,1,1,1,5,10,14,17,19,22
2019-08-19,11,14,21,41,42,3,129,132,20120.0,9,32,302,10130,23.0,23,64,6,0,0,1,1,1,1,5,9,13,15,18,23
2019-08-15,6,17,19,31,43,2,116,118,11021.0,26,41,131,11120,23.0,41,115,5,1,1,3,4,4,4,5,9,13,17,22,26
2019-08-12,9,17,36,44,49,2,155,157,21011.0,35,32,212,30110,32.0,14,40,4,1,2,2,2,2,3,5,10,14,19,23,26
2019-08-08,24,25,36,39,41,6,165,171,12200.0,25,32,113,20021,41.0,14,64,6,0,1,1,2,2,2,5,10,15,20,23,26
2019-08-05,6,20,37,43,44,7,150,157,21101.0,20,23,221,11111,32.0,23,101,6,0,0,0,1,1,3,5,10,15,19,22,25
2019-08-01,4,7,24,31,35,4,101,105,2102.0,21,32,131,20111,23.0,23,48,6,0,0,1,1,1,1,5,10,15,18,21,24
2019-07-29,1,3,22,32,40,1,98,99,11102.0,8,23,131,1211,23.0,14,22,6,0,0,0,1,1,1,5,10,13,17,20,22
2019-07-25,16,26,27,36,38,2,143,145,2210.0,33,14,212,1130,41.0,5,37,4,0,2,2,2,3,3,5,10,14,17,20,25
2019-07-22,4,29,42,44,49,4,168,172,30101.0,28,23,221,40100,41.0,14,52,6,0,1,1,1,1,1,5,10,13,16,21,24
2019-07-18,2,9,33,36,38,4,118,122,3002.0,28,23,203,12110,32.0,14,35,6,0,2,3,3,3,4,5,10,14,19,22,24
2019-07-15,3,6,12,29,37,1,87,88,1112.0,27,32,113,11210,23.0,32,71,6,0,1,1,1,2,2,5,10,15,18,21,22
2019-07-11,9,15,21,36,43,1,124,125,11111.0,24,41,14,11021,23.0,14,60,5,0,0,1,2,3,3,5,10,14,18,20,23
2019-07-08,2,20,27,34,37,2,120,122,2201.0,20,23,221,10301,32.0,23,64,5,0,1,1,1,2,2,5,10,14,16,20,23
2019-07-04,8,30,31,39,41,7,149,156,13001.0,19,32,212,11021,41.0,23,95,6,0,0,1,1,2,2,5,9,12,16,20,23
2019-07-01,16,18,34,36,46,1,150,151,12020.0,30,5,32,11030,32.0,5,45,4,1,2,3,3,4,4,5,9,14,18,22,25
2019-06-27,6,33,36,42,43,3,160,163,22001.0,20,23,14,2120,41.0,14,66,6,1,1,2,2,2,2,5,10,15,19,22,23
2019-06-24,9,25,31,34,36,2,135,137,3101.0,25,32,32,20021,41.0,14,58,6,0,0,0,1,3,4,5,10,14,18,21,24
2019-06-20,7,20,22,38,46,7,133,140,11201.0,23,14,230,1211,23.0,14,67,6,0,1,1,2,3,4,5,10,14,18,22,23
2019-06-17,4,6,8,13,47,3,78,81,10013.0,28,23,221,12110,14.0,23,65,5,0,0,0,1,2,3,5,9,13,18,20,24
2019-06-13,1,7,18,26,28,6,80,86,212.0,30,23,131,2120,23.0,14,26,6,1,2,2,2,3,3,5,10,15,17,22,26
2019-06-10,17,18,31,35,48,6,149,155,12020.0,29,32,212,2111,32.0,23,65,4,0,0,1,1,1,3,5,10,13,18,22,24
2019-06-06,9,26,36,46,49,7,166,173,21101.0,36,23,122,20030,41.0,5,48,5,0,0,0,0,1,1,5,8,13,17,20,22
2019-06-03,6,22,30,32,34,2,124,126,3101.0,14,5,122,10211,32.0,5,38,5,2,2,3,4,4,5,5,10,15,19,21,26
2019-05-30,13,18,32,34,38,5,135,140,3020.0,25,14,221,13100,32.0,14,54,6,0,0,0,1,1,1,5,10,14,17,22,24
2019-05-27,1,4,12,19,21,1,57,58,122.0,17,32,32,20120,5.0,14,32,6,0,1,1,1,2,2,5,10,13,18,21,24
2019-05-23,10,15,22,41,47,6,135,141,20120.0,15,32,221,212,23.0,23,109,6,0,1,1,2,2,2,5,9,14,18,21,24
2019-05-20,1,17,30,31,49,5,128,133,12011.0,18,41,131,10121,32.0,23,66,6,1,1,2,2,2,2,5,10,15,18,21,23
2019-05-16,13,15,37,43,49,6,157,163,21020.0,27,50,41,12101,32.0,32,108,5,0,0,1,1,1,1,5,10,14,17,19,21
2019-05-13,6,7,11,23,25,7,72,79,212.0,22,41,221,1121,14.0,32,51,6,0,0,1,2,2,2,5,9,13,16,18,21
2019-05-09,1,3,10,19,27,3,60,63,122.0,20,41,32,11111,14.0,23,30,5,1,1,1,1,2,2,5,9,12,14,18,20
2019-05-06,3,24,29,36,43,3,135,138,11201.0,25,32,113,22010,32.0,32,77,5,1,3,3,3,3,4,5,10,12,16,18,21
2019-05-02,7,8,24,38,39,3,116,119,2102.0,36,23,212,22100,23.0,14,44,4,0,2,2,2,3,3,5,9,13,15,19,20
2019-04-29,3,11,36,41,48,1,139,140,21011.0,19,32,203,2030,32.0,32,57,6,1,1,1,2,3,4,5,9,11,16,18,22
2019-04-25,8,9,30,36,39,1,122,123,3002.0,32,23,104,21011,32.0,5,23,6,1,2,2,3,3,3,5,8,13,16,20,24
2019-04-22,5,17,19,30,44,6,115,121,11021.0,25,32,311,20102,23.0,32,57,4,2,2,2,3,3,4,5,10,13,18,22,25
2019-04-18,19,34,36,44,49,5,182,187,22010.0,32,23,131,40010,41.0,14,59,5,0,1,1,1,1,1,5,9,14,18,21,24
2019-04-15,1,3,7,26,29,7,66,73,203.0,26,41,221,11120,23.0,32,55,6,1,1,1,1,1,1,5,10,14,17,20,22
2019-04-11,11,19,20,29,39,5,118,123,1220.0,28,41,311,30011,23.0,32,82,4,0,1,1,2,2,3,5,10,13,17,19,22
2019-04-08,14,16,17,37,48,5,132,137,11030.0,32,23,221,11210,23.0,23,66,6,0,1,2,2,2,3,5,9,14,16,19,22
2019-04-04,4,29,35,38,47,3,153,156,12101.0,33,32,410,21101,41.0,23,109,5,1,1,3,3,3,4,5,10,14,17,20,25
2019-04-01,2,24,30,38,48,1,142,143,12101.0,22,5,203,12101,32.0,14,29,6,0,1,2,2,2,2,5,10,14,17,22,24
2019-03-28,11,12,14,15,22,3,74,77,140.0,14,23,212,10211,5.0,14,28,4,0,1,2,2,2,4,5,10,14,19,21,23
2019-03-25,2,4,8,41,47,3,102,105,20003.0,22,23,410,11210,23.0,32,90,4,0,1,1,1,1,1,5,10,15,17,19,23
2019-03-21,15,19,30,34,49,1,147,148,12020.0,27,32,32,30002,32.0,14,53,2,0,0,1,2,2,2,5,10,13,16,20,22
2019-03-18,1,7,11,37,47,5,103,108,11012.0,23,50,230,320,23.0,41,103,4,0,2,2,3,3,4,5,10,13,18,20,24
2019-03-14,3,13,18,29,46,1,109,110,10121.0,29,32,122,13010,23.0,32,70,6,0,1,1,1,2,2,5,9,14,16,21,24
2019-03-11,7,10,25,30,47,5,119,124,11111.0,19,32,131,203,32.0,23,64,6,1,1,1,1,1,3,5,10,12,17,20,23
2019-03-07,12,14,15,29,30,5,100,105,1130.0,20,23,203,20102,23.0,14,46,4,0,2,2,2,3,3,5,9,14,17,21,24
2019-03-04,1,9,21,31,39,7,101,108,2102.0,21,50,23,20030,23.0,14,55,4,1,1,3,3,3,3,5,10,15,19,22,24
2019-02-28,4,21,29,30,35,3,119,122,2201.0,19,32,212,20012,32.0,14,46,6,0,0,0,0,0,0,5,10,14,17,19,22
2019-02-25,2,18,26,37,48,5,131,136,11111.0,31,14,212,2210,32.0,23,55,5,0,0,1,1,1,1,5,9,13,15,18,23
2019-02-21,1,9,11,32,41,7,94,101,11012.0,14,41,311,10130,23.0,23,58,6,1,2,3,4,4,4,5,10,13,17,22,25
2019-02-18,7,9,14,25,46,1,101,102,10112.0,31,32,131,20111,23.0,14,40,6,0,2,2,2,3,4,5,10,14,19,23,27
2019-02-14,1,5,10,33,48,2,97,99,11012.0,17,32,122,2012,23.0,14,22,6,0,0,0,0,1,3,5,9,14,18,23,27
2019-02-11,14,23,41,46,47,5,171,176,30110.0,21,32,410,11120,32.0,32,120,6,1,1,1,1,1,1,5,10,14,19,23,28
2019-02-07,13,22,32,34,46,5,147,152,12110.0,17,14,140,11210,32.0,14,66,5,0,0,0,0,0,0,5,9,14,18,23,26
2019-02-04,3,15,16,42,45,5,121,126,20021.0,21,32,14,1112,23.0,14,17,6,1,1,2,2,2,2,5,10,15,20,23,25
2019-01-31,21,25,37,40,42,6,165,171,21200.0,15,32,32,212,41.0,14,54,6,0,0,0,0,2,2,5,10,15,18,22,24
2019-01-28,7,19,27,33,35,1,121,122,2111.0,31,50,122,11201,32.0,23,45,5,0,0,0,1,3,3,5,10,13,18,22,23
2019-01-24,1,5,6,15,31,4,58,62,1013.0,18,41,122,32,14.0,23,42,6,0,0,0,0,1,1,5,8,13,17,19,22
2019-01-21,8,9,18,43,48,2,126,128,20012.0,36,23,113,14000,23.0,14,48,6,2,2,2,3,3,3,5,10,14,17,20,25
2019-01-17,9,14,17,18,41,2,99,101,10031.0,29,32,302,21110,14.0,23,70,6,0,1,1,2,2,3,5,10,13,17,22,25
2019-01-14,2,25,33,39,40,2,139,141,12101.0,19,32,122,11102,41.0,14,34,6,0,1,1,1,2,2,5,9,13,18,22,24
2019-01-10,7,9,13,19,29,7,77,84,122.0,37,50,131,31100,14.0,41,71,4,1,1,1,1,2,3,5,9,14,18,21,25
2019-01-07,2,7,8,28,31,2,76,78,1103.0,26,23,230,2210,23.0,32,40,6,1,1,1,2,2,2,5,10,14,18,22,25
2019-01-03,2,4,12,17,37,6,72,78,1022.0,22,23,221,10400,14.0,32,59,6,0,0,0,0,1,2,5,9,13,17,21,25
2018-12-31,3,20,38,42,46,3,149,152,21101.0,19,14,212,2111,32.0,14,59,5,1,2,3,4,4,4,5,10,15,20,24,27
2018-12-27,3,22,25,27,41,2,118,120,10301.0,18,41,122,1211,32.0,23,62,5,0,0,0,0,0,0,5,10,15,19,22,26
2018-12-24,7,19,20,21,48,5,115,120,10211.0,25,32,122,11111,14.0,23,36,5,0,0,1,1,1,1,5,10,15,18,22,23
2018-12-20,13,24,26,32,42,1,137,138,11210.0,17,14,212,11210,32.0,14,25,6,0,0,0,0,1,1,5,10,13,17,19,22
2018-12-17,14,17,29,40,46,7,146,153,20120.0,26,23,320,20111,32.0,23,83,6,0,1,1,2,2,2,5,9,13,16,19,23
2018-12-13,4,20,28,34,49,4,135,139,11201.0,25,14,140,31001,32.0,5,31,6,1,2,3,3,4,4,5,10,14,17,22,26
2018-12-10,5,11,15,34,40,3,105,108,11021.0,15,32,221,10013,23.0,23,38,4,0,0,1,1,1,1,5,9,13,18,22,24
2018-12-06,4,30,31,35,45,6,145,151,13001.0,15,32,122,10013,41.0,14,48,6,1,1,1,1,3,3,5,9,14,18,22,24
2018-12-03,1,4,13,17,49,6,84,90,10022.0,24,41,140,21110,14.0,23,40,6,1,1,1,1,3,3,5,10,14,18,22,25
2018-11-29,4,15,19,23,48,5,109,114,10121.0,29,32,122,22001,14.0,23,52,5,0,1,1,1,2,2,5,10,14,18,22,25
2018-11-26,8,26,28,37,47,1,146,147,11201.0,36,23,320,2210,41.0,23,106,6,0,0,0,0,0,0,5,9,13,17,20,22
2018-11-22,4,24,25,29,42,7,124,131,10301.0,24,23,122,30101,32.0,14,46,6,1,2,2,2,3,3,5,10,14,17,20,24
2018-11-19,29,31,35,36,46,5,177,182,13100.0,27,32,221,10031,50.0,23,100,6,0,0,2,2,2,2,5,9,14,17,21,25
2018-11-15,13,27,38,42,49,1,169,170,21110.0,29,32,122,12200,41.0,14,44,5,1,1,3,3,3,3,5,10,15,19,23,25
2018-11-12,2,13,18,19,43,2,95,97,10031.0,25,32,131,13100,14.0,41,80,6,0,0,1,2,2,2,5,10,15,20,22,23
2018-11-08,6,7,29,33,35,3,110,113,2102.0,30,41,212,11111,32.0,23,57,6,0,0,0,0,1,2,5,10,15,17,19,22
2018-11-05,4,27,34,40,42,1,147,148,21101.0,17,14,32,20201,41.0,5,34,6,0,0,0,2,2,2,5,10,12,16,19,22
2018-11-01,2,3,5,17,39,7,66,73,1013.0,26,41,302,11201,14.0,41,40,6,0,2,2,3,3,3,5,9,13,17,20,23
2018-10-29,8,11,12,13,23,3,67,70,131.0,17,32,311,3110,5.0,32,52,5,1,1,2,2,2,3,5,9,14,17,20,22
2018-10-25,5,11,14,16,39,7,85,92,1031.0,25,32,311,20021,14.0,23,41,6,1,1,2,2,2,3,5,10,14,17,19,22
2018-10-22,10,11,33,40,42,5,136,141,21020.0,6,23,122,1112,32.0,14,28,6,0,1,2,3,3,3,5,10,14,17,20,23
2018-10-18,2,23,29,32,48,3,134,137,11201.0,24,23,401,12200,32.0,32,57,6,0,0,0,1,1,1,5,9,12,16,19,24
2018-10-15,10,18,24,37,39,1,128,129,2120.0,28,23,23,21101,23.0,14,60,6,1,2,2,2,2,2,5,9,13,16,21,23
2018-10-11,1,11,25,26,39,6,102,108,1211.0,22,41,221,10031,32.0,14,35,5,1,2,3,3,3,3,5,10,14,19,21,25
2018-10-08,1,13,24,41,42,4,121,125,20111.0,11,32,122,11120,23.0,23,67,6,0,0,0,0,0,1,5,9,14,16,20,23
2018-10-04,2,14,39,46,49,3,150,153,21011.0,30,23,221,30110,32.0,14,48,6,1,1,2,2,2,3,5,10,13,17,20,24
2018-10-01,7,25,28,45,49,4,154,158,20201.0,34,41,41,11102,41.0,14,17,5,0,2,2,2,2,2,5,10,14,17,21,22
2018-09-27,3,9,12,21,47,3,92,95,10112.0,22,41,104,11210,14.0,23,59,5,0,1,1,1,1,1,5,10,13,17,18,21
2018-09-24,14,25,27,28,43,4,137,141,10310.0,27,32,131,12101,41.0,14,60,6,0,0,1,2,2,2,5,8,13,15,18,22
2018-09-20,3,10,15,23,48,2,99,101,10121.0,19,32,113,3002,14.0,23,33,6,2,2,3,3,3,3,5,10,13,16,20,22
2018-09-17,4,15,20,24,48,5,111,116,10211.0,21,14,113,21002,14.0,5,10,6,0,1,3,3,3,4,5,9,14,18,20,23
2018-09-13,1,11,25,29,46,7,112,119,10211.0,22,41,230,10031,32.0,23,71,6,1,1,1,2,2,3,5,10,14,17,20,25
2018-09-10,3,29,31,43,48,7,154,161,21101.0,24,41,122,13010,41.0,41,108,6,0,0,1,2,2,2,5,9,13,17,22,25
2018-09-06,4,8,20,22,49,6,103,109,10202.0,23,14,230,21101,14.0,5,25,6,1,1,1,1,2,2,5,9,13,18,22,24
2018-09-03,13,26,36,39,49,1,163,164,12110.0,33,32,122,21020,41.0,14,25,2,1,1,1,1,1,1,5,9,14,18,20,22
2018-08-30,25,28,35,39,48,5,175,180,12200.0,35,32,122,12002,50.0,5,30,6,1,1,2,3,3,3,5,10,15,18,20,24
2018-08-27,7,15,23,31,48,4,124,128,11111.0,24,41,122,2111,23.0,32,71,3,0,0,1,1,2,2,5,10,14,16,21,23
2018-08-23,5,11,16,24,42,4,98,102,10121.0,18,23,212,10121,14.0,23,28,6,0,0,1,1,2,2,5,9,12,17,20,22
2018-08-20,8,12,18,35,40,2,113,115,11021.0,23,14,212,2102,23.0,5,17,6,1,1,1,1,1,1,5,8,13,16,18,20
2018-08-16,8,9,25,31,41,2,114,116,11102.0,24,41,221,11021,32.0,23,82,5,2,2,2,2,2,2,5,10,13,15,17,19
2018-08-13,5,9,30,31,47,7,122,129,12002.0,22,41,212,10112,32.0,32,88,6,0,1,2,4,4,4,5,9,12,16,18,20
2018-08-09,2,15,21,32,34,3,104,107,2111.0,14,23,212,10211,23.0,14,34,4,1,2,3,3,3,3,5,9,14,16,18,21
2018-08-06,11,29,31,34,38,7,143,150,3110.0,23,32,320,21020,41.0,32,109,6,1,1,2,2,3,4,5,10,13,15,19,21
2018-08-02,6,9,22,32,38,7,107,114,2102.0,27,14,212,11210,23.0,5,35,5,0,1,2,2,2,2,5,9,12,16,18,20
2018-07-30,15,17,30,44,47,6,153,159,21020.0,23,32,302,10202,32.0,23,85,6,1,1,1,1,1,2,5,8,12,14,16,21
2018-07-26,32,34,43,44,46,6,199,205,32000.0,19,14,230,21110,50.0,14,96,4,2,2,4,4,4,4,5,9,13,15,20,23
2018-07-23,19,32,38,44,48,2,181,183,22010.0,31,14,311,22100,41.0,14,35,5,1,1,2,2,2,2,5,9,12,17,20,22
2018-07-19,27,31,36,38,39,6,171,177,4100.0,31,32,113,11120,50.0,14,68,6,1,3,3,3,3,3,5,10,15,18,20,23
2018-07-16,5,11,27,34,46,1,123,124,11111.0,23,32,221,10121,32.0,23,61,6,0,0,1,2,2,3,5,10,14,17,20,24
2018-07-12,1,2,32,36,39,4,110,114,3002.0,20,23,212,10220,32.0,14,19,6,0,0,1,1,1,1,5,9,13,16,20,22
2018-07-09,13,26,41,42,47,2,169,171,30110.0,19,32,311,1220,41.0,32,113,6,1,2,2,2,3,3,5,10,13,17,20,23
2018-07-05,14,20,27,40,41,2,142,144,20210.0,12,23,311,10112,32.0,14,58,5,0,1,2,2,2,3,5,9,14,17,20,24
2018-07-02,5,18,23,39,42,3,127,130,11111.0,27,32,203,12101,23.0,23,53,6,1,1,1,1,1,1,5,10,13,16,20,22
2018-06-28,6,39,40,48,49,4,182,186,31001.0,32,23,23,21011,41.0,5,30,4,0,0,1,1,1,2,5,8,12,16,18,22
2018-06-25,12,20,30,43,46,2,151,153,21110.0,11,14,122,1112,32.0,14,76,6,2,2,2,3,3,3,5,9,13,16,20,23
2018-06-21,13,28,30,31,43,7,145,152,12110.0,15,32,41,3011,41.0,32,104,5,1,1,1,1,2,2,5,9,12,16,20,22
2018-06-18,1,16,31,44,48,2,140,142,21011.0,20,23,131,11030,32.0,14,48,5,1,1,1,1,2,2,5,8,12,16,19,23
2018-06-14,1,19,33,41,47,1,141,142,21011.0,21,50,221,11120,32.0,32,122,5,2,3,3,4,4,4,5,10,14,18,22,25
2018-06-11,1,12,19,26,35,7,93,100,1121.0,23,32,221,10121,23.0,14,50,5,0,1,1,1,2,2,5,10,14,18,22,25
2018-06-07,2,3,4,40,47,1,96,97,20003.0,16,23,221,11201,23.0,32,57,5,0,1,1,1,1,1,5,10,14,18,21,22
2018-06-04,1,5,11,30,38,5,85,90,2012.0,15,32,311,1022,23.0,23,41,6,0,0,1,2,4,5,5,9,14,18,21,26
2018-05-31,2,9,41,45,48,1,145,146,30002.0,25,32,203,11111,32.0,23,51,4,1,1,1,1,1,1,5,10,14,17,22,26
2018-05-28,14,28,29,42,48,5,161,166,20210.0,31,14,212,22100,41.0,14,41,5,0,0,1,1,1,1,5,9,13,18,22,24
2018-05-24,18,26,38,43,49,7,174,181,21110.0,34,23,221,13010,41.0,14,87,6,1,2,2,2,3,3,5,10,15,19,22,24
2018-05-21,6,8,22,30,38,6,104,110,2102.0,24,5,212,2111,23.0,5,40,4,0,0,0,0,1,1,5,10,14,17,20,23
2018-05-17,1,5,18,42,46,3,112,115,20012.0,22,23,122,1121,23.0,14,41,4,0,0,1,1,1,1,5,9,13,16,19,23
2018-05-14,3,7,11,13,25,1,59,60,122.0,19,50,131,2111,14.0,41,39,5,1,1,1,2,2,3,5,9,12,16,20,23
2018-05-10,4,16,25,34,39,4,118,122,2111.0,28,23,41,30011,32.0,5,40,5,1,2,3,3,3,3,5,9,14,18,21,22
2018-05-07,1,36,39,45,49,6,170,176,22001.0,30,41,23,20021,41.0,5,31,6,1,1,1,1,1,2,5,10,14,17,18,21
2018-05-03,1,4,29,38,47,5,119,124,11102.0,29,32,320,21110,32.0,23,98,5,0,0,1,1,1,1,5,9,13,14,17,21
2018-04-30,7,24,25,35,37,2,128,130,2201.0,28,41,131,10202,32.0,23,54,6,1,2,3,3,3,3,5,10,12,15,19,22
2018-04-26,6,14,22,26,35,7,103,110,1211.0,23,14,311,10121,23.0,5,41,5,0,1,2,2,2,2,5,8,12,16,19,23
2018-04-23,13,20,21,37,38,3,129,132,2210.0,19,32,221,2111,23.0,23,86,4,2,3,3,3,3,3,5,10,14,17,21,25
2018-04-19,13,21,24,26,43,1,127,128,10310.0,17,32,122,12020,23.0,23,68,6,0,0,1,2,2,2,5,9,13,18,22,24
2018-04-16,14,17,32,38,49,7,150,157,12020.0,30,23,410,21200,32.0,14,45,6,1,1,1,1,3,3,5,9,14,18,22,23
2018-04-12,31,38,40,41,44,5,194,199,32000.0,14,23,320,11021,50.0,23,109,5,1,1,2,2,2,2,5,10,15,19,20,22
2018-04-09,2,9,34,41,43,1,129,130,21002.0,19,32,221,21110,32.0,32,106,4,0,0,1,1,2,3,5,10,15,16,19,24
2018-04-05,5,8,13,18,47,4,91,95,10022.0,31,32,311,3101,14.0,32,70,5,0,0,0,1,1,1,5,10,11,15,20,22
2018-04-02,22,25,44,45,48,6,184,190,30200.0,24,23,122,11102,41.0,5,21,4,0,2,2,2,3,3,5,8,12,17,20,23
2018-03-29,14,17,29,36,43,1,139,140,11120.0,29,32,311,21110,32.0,32,101,5,2,2,2,2,3,4,5,9,14,17,21,24
2018-03-26,14,22,26,36,45,7,143,150,11210.0,23,14,212,10121,32.0,5,41,6,1,1,2,2,2,2,5,10,14,18,21,26
2018-03-22,3,9,18,19,22,2,71,73,122.0,31,32,23,22100,5.0,23,35,6,0,1,1,1,1,1,5,10,14,17,22,26
2018-03-19,6,30,34,46,49,4,165,169,22001.0,25,14,32,20021,41.0,5,57,6,0,0,1,1,1,1,5,9,13,18,22,26
2018-03-15,9,10,14,23,44,6,100,106,10121.0,20,23,311,31001,14.0,14,51,6,1,1,1,1,1,2,5,9,14,18,22,25
2018-03-12,4,17,23,24,32,4,100,104,1211.0,20,23,311,21200,14.0,23,45,6,1,1,2,2,3,3,5,10,15,19,23,25
2018-03-08,11,17,38,43,49,1,158,159,21020.0,28,41,320,12110,32.0,32,99,4,0,0,0,0,1,1,5,10,14,18,21,22
2018-03-05,12,21,29,33,35,3,130,133,2210.0,20,41,203,11111,32.0,14,57,6,0,1,1,1,2,3,5,10,14,17,19,23
2018-03-01,1,15,24,31,42,1,113,114,11111.0,13,32,23,10121,23.0,14,49,6,0,1,1,1,2,3,5,10,13,15,20,23
2018-02-26,3,35,40,45,48,1,171,172,31001.0,21,32,113,2003,41.0,14,17,5,0,1,1,1,1,1,5,9,11,16,19,21
2018-02-22,14,20,24,26,32,1,116,117,1310.0,16,5,401,20111,23.0,5,30,3,1,2,2,2,2,2,5,8,13,16,18,21
2018-02-19,2,8,26,43,45,5,124,129,20102.0,24,23,311,2111,32.0,23,66,6,2,2,2,2,2,2,5,10,13,15,18,21
2018-02-15,2,6,12,32,43,1,95,96,11012.0,15,14,212,1310,23.0,23,48,6,0,1,3,3,3,3,5,9,13,16,19,19
2018-02-12,17,21,34,42,44,3,158,161,21110.0,18,23,212,20210,32.0,14,40,6,1,1,2,2,3,3,5,9,13,16,17,19
2018-02-08,12,15,22,34,49,3,132,135,11120.0,22,23,32,20201,23.0,5,45,6,1,1,2,3,3,3,5,9,13,15,17,22
2018-02-05,6,15,25,32,46,1,124,125,11111.0,24,23,122,122,32.0,5,33,6,1,1,3,4,4,4,5,9,13,16,21,24
2018-02-01,4,7,17,25,41,7,94,101,10112.0,24,41,230,10211,23.0,32,72,6,1,1,1,1,3,3,5,9,12,17,22,26
2018-01-29,7,16,27,34,38,3,122,125,2111.0,32,23,131,11210,32.0,14,48,5,1,1,1,1,2,2,5,8,13,18,23,24
2018-01-25,15,22,27,32,44,1,140,141,11210.0,20,23,212,10301,32.0,5,21,3,2,2,2,2,2,2,5,10,15,20,21,22
2018-01-22,6,26,27,43,44,7,146,153,20201.0,26,23,212,11120,41.0,14,72,4,0,0,0,1,1,2,5,10,15,17,18,22
2018-01-18,5,30,33,36,48,2,152,154,13001.0,22,23,104,2012,41.0,14,21,5,0,0,0,1,2,2,5,10,12,14,19,22
2018-01-15,4,10,20,37,41,3,112,115,11111.0,12,23,230,10112,23.0,23,85,6,0,2,3,3,3,3,5,9,12,17,20,22
2018-01-11,1,11,24,35,38,2,109,111,2111.0,19,32,311,11021,23.0,14,48,6,1,2,2,3,3,3,5,9,14,18,20,23
2018-01-08,4,10,38,43,46,3,141,144,21011.0,21,14,140,12011,32.0,14,92,6,1,1,2,3,4,4,5,10,15,18,22,26
2018-01-04,3,4,11,30,37,6,85,91,2012.0,15,32,122,11111,23.0,32,58,4,0,0,1,1,1,1,5,10,14,18,22,26
2018-01-01,26,29,36,40,45,1,176,177,21200.0,26,23,212,10022,50.0,14,52,6,0,1,1,1,1,1,5,10,14,18,22,25
2017-12-28,24,27,28,43,49,6,171,177,20300.0,31,32,32,22100,41.0,14,55,6,0,0,1,1,1,1,5,9,14,18,21,22
2017-12-25,8,11,16,40,46,4,121,125,20021.0,21,14,230,1031,23.0,14,41,6,1,1,1,1,1,1,5,10,14,17,18,20
2017-12-21,12,32,38,46,47,4,175,179,22010.0,25,14,311,1310,41.0,14,94,6,0,1,1,2,3,3,5,10,13,15,18,21
2017-12-18,13,19,27,33,41,1,133,134,11120.0,23,50,122,12110,32.0,32,87,2,0,1,1,1,1,2,5,9,11,14,17,22
2017-12-14,5,7,23,39,47,7,121,128,11102.0,31,50,311,11201,23.0,41,98,5,1,3,3,3,3,3,5,9,12,15,20,22
2017-12-11,17,19,20,37,47,6,140,146,11120.0,30,41,320,10301,23.0,41,127,6,1,2,2,2,2,2,5,9,12,17,19,23
2017-12-07,7,17,31,39,46,6,140,146,12011.0,30,41,131,10220,32.0,32,96,6,1,2,2,3,3,3,5,9,14,17,21,22
2017-12-04,12,26,31,37,45,4,151,155,12110.0,21,32,122,221,41.0,23,91,4,1,1,1,1,3,3,5,10,13,17,20,24
2017-11-30,7,15,31,35,48,7,136,143,12011.0,26,41,122,1112,32.0,23,48,6,0,0,0,0,0,1,5,8,12,15,19,21
2017-11-27,6,9,25,33,34,1,107,108,2102.0,27,32,23,21011,32.0,5,38,6,2,2,3,3,4,4,5,9,13,17,20,23
2017-11-23,2,22,25,34,39,1,122,123,2201.0,22,23,131,20201,32.0,14,51,6,1,2,2,3,3,3,5,10,14,18,21,23
2017-11-20,3,10,13,30,34,4,90,94,2021.0,10,23,32,12002,23.0,23,40,6,0,0,0,0,0,1,5,9,13,16,18,21
2017-11-16,9,12,22,37,44,6,124,130,11111.0,24,23,122,20300,23.0,14,53,6,1,2,3,3,3,3,5,10,14,16,19,23
2017-11-13,32,37,38,41,42,2,190,192,23000.0,20,23,311,1310,50.0,23,109,3,0,1,2,2,2,2,5,10,13,16,20,22
2017-11-09,6,12,15,17,39,2,89,91,1031.0,29,32,104,10211,14.0,14,40,6,0,1,1,1,1,2,5,9,12,16,18,22
2017-11-06,4,18,22,38,48,2,130,132,11111.0,30,5,122,13100,23.0,5,35,6,1,1,1,2,2,2,5,8,12,15,19,20
2017-11-02,16,17,26,32,38,1,129,130,2120.0,29,14,410,1220,32.0,14,51,5,2,3,3,3,3,3,5,10,13,17,18,21
2017-10-30,16,27,32,34,45,2,154,156,12110.0,24,23,122,10211,41.0,5,27,4,0,1,2,3,4,4,5,9,14,16,20,22
2017-10-26,5,17,24,35,36,7,117,124,2111.0,27,32,302,10112,23.0,23,34,4,1,1,1,1,2,2,5,10,12,16,19,21
2017-10-23,5,14,22,34,40,4,115,119,11111.0,15,14,230,20102,23.0,14,42,6,0,1,1,1,3,4,5,8,12,15,19,21
2017-10-19,7,27,39,42,44,7,159,166,21101.0,29,32,113,20300,41.0,14,36,6,2,3,4,4,4,4,5,10,14,18,20,24
2017-10-16,2,32,39,40,42,7,155,162,22001.0,15,14,212,10301,41.0,14,30,6,0,1,2,3,3,3,5,10,15,18,22,26
2017-10-12,3,7,11,23,45,2,89,91,10112.0,19,50,212,2111,14.0,41,49,5,0,0,1,1,1,2,5,10,14,18,22,24
2017-10-09,13,27,35,39,43,7,157,164,12110.0,27,50,122,12101,41.0,23,71,4,0,1,1,2,2,2,5,10,14,19,21,24
2017-10-05,5,22,40,47,48,7,162,169,30101.0,22,23,221,1202,32.0,23,68,6,0,0,0,1,1,1,5,9,14,17,20,23
2017-10-02,2,12,14,35,45,3,108,111,11021.0,18,23,302,10202,23.0,14,17,4,1,1,3,3,3,3,5,10,15,18,21,24
2017-09-28,15,17,20,35,36,3,123,126,2120.0,23,32,302,113,23.0,14,34,6,0,0,0,1,1,1,5,10,13,17,20,22
2017-09-25,19,28,30,34,39,5,150,155,3110.0,30,23,32,31001,41.0,14,66,4,0,1,1,2,2,3,5,9,13,17,19,22
2017-09-21,2,4,12,23,47,2,88,90,10112.0,18,23,311,11300,14.0,32,75,6,1,1,2,2,2,3,5,9,14,16,19,22
2017-09-18,1,2,7,8,19,5,37,42,14.0,27,32,230,11210,5.0,32,29,4,1,1,2,2,2,2,5,10,13,16,19,23
2017-09-14,18,19,24,35,42,1,138,139,11120.0,28,23,113,21101,23.0,14,36,6,0,1,1,1,1,1,5,9,12,15,19,22
2017-09-11,3,10,23,37,39,3,112,115,2111.0,22,41,122,12101,23.0,32,83,6,1,1,2,2,2,2,5,8,12,16,19,21
2017-09-07,3,8,35,41,44,1,131,132,21002.0,21,32,401,12011,32.0,23,69,6,2,2,3,4,4,4,5,9,14,18,20,22
2017-09-04,3,5,34,41,45,3,128,131,21002.0,18,41,212,11012,32.0,32,68,6,1,1,2,2,2,3,5,10,15,17,19,23
2017-08-31,3,4,6,27,37,6,77,83,1103.0,27,32,23,11210,23.0,23,42,6,0,0,1,2,2,2,5,10,13,16,20,23
2017-08-28,17,21,22,28,44,1,132,133,10310.0,22,23,221,11210,23.0,14,40,6,0,1,2,2,2,2,5,9,13,17,20,24
2017-08-24,8,30,33,34,47,6,152,158,13001.0,22,23,212,12101,41.0,14,85,6,1,1,1,1,1,1,5,9,13,16,20,23
2017-08-21,6,20,21,32,33,2,112,114,2201.0,12,23,203,1121,23.0,5,28,4,1,1,1,1,1,2,5,9,12,16,19,22
2017-08-17,22,33,37,40,46,7,178,185,22100.0,18,23,41,1211,41.0,14,81,6,1,2,2,2,2,2,5,9,13,16,19,21
2017-08-14,2,5,9,15,33,5,64,69,1013.0,24,41,203,11102,14.0,23,21,6,1,2,2,3,3,3,5,10,13,17,19,22
2017-08-10,5,10,16,18,37,2,86,88,1031.0,26,23,131,1112,14.0,23,47,6,0,1,2,3,3,3,5,9,14,17,20,23
2017-08-07,2,3,27,35,49,7,116,123,11102.0,26,41,212,11201,32.0,23,17,6,1,1,2,2,2,2,5,10,14,17,20,22
2017-08-03,19,24,35,37,43,5,158,163,12110.0,28,41,131,21101,32.0,32,116,6,0,1,1,1,2,3,5,10,13,16,19,24
2017-07-31,10,13,26,32,33,4,114,118,2120.0,14,23,221,2111,32.0,14,34,6,0,2,3,4,4,4,5,10,14,18,23,24
2017-07-27,4,5,11,24,49,1,93,94,10112.0,23,32,221,30011,14.0,23,28,6,0,0,0,0,1,1,5,9,13,18,20,22
2017-07-24,21,32,33,39,46,2,171,173,13100.0,21,32,113,11120,41.0,5,59,5,1,1,1,2,3,3,5,9,14,17,20,24
2017-07-20,6,10,17,33,47,5,113,118,11021.0,23,32,212,1211,23.0,23,85,6,1,1,1,2,2,2,5,10,13,17,21,24
2017-07-17,8,10,26,28,35,2,107,109,1211.0,27,14,320,2012,32.0,5,27,4,0,0,1,1,1,1,5,8,13,17,20,22
2017-07-13,14,16,37,42,44,6,153,159,21020.0,23,14,221,20210,32.0,14,60,4,2,2,2,2,3,3,5,10,14,17,20,23
2017-07-10,14,18,39,42,49,2,162,164,21020.0,32,23,113,31100,32.0,5,25,6,0,1,1,2,3,3,5,10,13,17,21,22
2017-07-06,6,21,22,26,45,7,120,127,10301.0,20,23,113,131,23.0,5,41,6,0,1,1,2,2,2,5,9,13,18,19,22
2017-07-03,1,3,7,13,42,2,66,68,10013.0,16,41,32,2210,14.0,32,26,5,1,1,1,2,2,2,5,9,14,16,19,24
2017-06-29,1,2,26,36,46,4,111,115,11102.0,21,14,221,140,32.0,14,42,5,1,1,2,2,2,2,5,10,13,16,21,23
2017-06-26,20,25,39,44,46,3,174,177,21200.0,24,23,221,20012,41.0,5,57,4,0,1,2,2,3,3,5,9,13,18,21,23
2017-06-22,9,21,30,43,49,1,152,153,21101.0,22,41,23,21011,32.0,14,60,6,1,1,1,2,2,2,5,9,14,18,20,22
2017-06-19,7,12,25,36,49,2,129,131,11111.0,29,32,32,10211,32.0,14,17,4,1,1,1,1,1,3,5,10,14,16,18,22
2017-06-15,4,12,20,28,33,1,97,98,1211.0,17,14,122,12101,23.0,5,28,3,0,0,0,1,2,2,5,9,11,14,19,21
2017-06-12,19,23,45,47,48,3,182,185,30110.0,32,41,212,12101,32.0,32,99,6,1,3,4,4,4,4,5,9,13,18,20,23
2017-06-08,11,21,37,44,47,4,160,164,21110.0,20,41,311,10220,32.0,32,107,4,1,1,1,1,1,1,5,9,14,16,19,21
2017-06-05,6,21,23,29,45,2,124,126,10301.0,24,41,203,11021,23.0,23,69,6,1,1,2,3,3,3,5,10,13,17,19,23
2017-06-01,10,18,20,21,48,7,117,124,10220.0,17,14,113,2012,14.0,5,17,6,0,1,1,1,1,1,5,9,13,15,19,22
2017-05-29,4,13,16,36,49,2,118,120,11021.0,28,23,41,21020,23.0,14,25,6,1,1,2,2,2,2,5,9,12,16,19,24
2017-05-25,4,8,18,29,43,7,102,109,10112.0,32,23,221,23000,23.0,23,77,4,1,2,2,2,2,2,5,9,13,16,21,24
2017-05-22,15,18,27,30,45,1,135,136,11120.0,25,32,5,1103,32.0,5,10,3,1,2,2,2,3,4,5,10,13,18,22,27
2017-05-18,9,13,18,42,43,7,125,132,20021.0,25,32,23,13100,23.0,23,68,6,0,1,1,1,1,1,5,9,14,18,23,25
2017-05-15,1,35,39,45,46,4,166,170,22001.0,26,41,122,10022,41.0,5,54,6,1,1,2,2,2,2,5,10,15,20,22,25
2017-05-11,1,13,24,28,47,7,113,120,10211.0,23,32,131,12110,23.0,23,73,5,0,0,0,2,3,3,5,10,15,19,23,26
2017-05-08,7,25,26,37,48,3,143,146,11201.0,33,32,131,1211,41.0,23,67,5,0,0,1,1,1,2,5,10,15,19,22,27
2017-05-04,12,14,23,27,39,3,115,118,1220.0,25,32,203,21200,23.0,14,48,6,0,0,0,1,1,2,5,10,14,18,23,27
2017-05-01,5,15,19,34,41,6,114,120,11021.0,24,41,221,20012,23.0,32,87,6,0,1,1,1,1,2,5,10,14,19,23,26
2017-04-27,2,10,13,24,37,5,86,91,1121.0,16,23,131,11201,14.0,32,60,5,0,1,1,2,3,3,5,10,15,20,24,26
2017-04-24,8,15,36,40,47,5,146,151,21011.0,26,23,212,1112,32.0,14,57,4,0,0,0,0,1,1,5,10,15,19,22,24
2017-04-20,12,24,32,33,42,7,143,150,12110.0,13,14,104,11300,32.0,5,23,5,0,0,1,1,1,1,5,10,15,18,20,24
2017-04-17,9,17,20,43,48,1,137,138,20111.0,27,32,212,12101,23.0,23,70,6,0,0,1,1,2,2,5,10,14,16,21,22
2017-04-13,3,6,10,39,44,6,102,108,11012.0,22,23,113,21011,23.0,14,34,6,0,1,2,2,3,3,5,10,13,18,20,22
2017-04-10,1,25,33,37,41,5,137,142,12101.0,17,50,131,1121,41.0,23,98,4,0,1,1,1,1,1,5,9,14,16,18,21
2017-04-06,6,17,26,27,36,3,112,115,1211.0,32,23,203,230,32.0,14,35,4,1,1,1,2,2,2,5,10,12,15,18,21
2017-04-03,3,5,6,29,33,4,76,80,1103.0,26,41,203,12011,23.0,32,50,6,0,2,2,4,4,4,5,9,12,17,20,23
2017-03-30,2,20,22,34,40,2,118,120,11201.0,8,5,230,10202,23.0,14,35,4,1,2,2,2,2,3,5,9,14,17,20,23
2017-03-27,10,14,20,29,33,2,106,108,1220.0,16,23,311,21002,23.0,14,57,4,1,1,1,1,1,2,5,10,13,16,19,23
2017-03-23,20,27,34,43,47,4,171,175,21200.0,21,32,221,11201,41.0,23,117,5,0,1,1,1,2,3,5,9,12,15,20,22
2017-03-20,3,4,5,35,42,6,89,95,11003.0,19,32,212,11102,23.0,23,17,5,1,3,3,3,3,3,5,10,13,18,20,23
2017-03-16,1,5,24,27,41,5,98,103,10202.0,18,41,212,10121,23.0,23,52,6,0,0,0,2,2,3,5,8,13,17,20,25
2017-03-13,4,25,31,38,42,2,140,142,12101.0,20,23,131,11111,41.0,14,67,6,2,2,2,3,3,3,5,10,14,18,23,26
2017-03-09,8,30,31,38,40,1,147,148,13001.0,17,14,221,2012,41.0,14,60,6,0,1,2,2,2,2,5,10,15,20,23,25
2017-03-06,6,10,13,28,47,5,104,109,10121.0,24,23,131,2111,23.0,23,77,6,0,0,0,0,1,1,5,10,15,18,21,25
2017-03-02,19,27,31,41,43,2,161,163,21110.0,21,50,131,11120,41.0,41,137,5,0,0,0,0,0,0,5,10,13,16,20,23
2017-02-27,4,8,14,22,34,1,82,83,1112.0,22,5,230,31100,14.0,5,37,6,0,2,2,2,3,4,5,10,13,17,21,24
2017-02-23,11,20,21,24,39,1,115,116,1310.0,15,32,203,20021,14.0,14,41,6,0,2,2,2,2,2,5,10,14,18,21,24
2017-02-20,8,12,14,16,44,1,94,95,10031.0,24,5,311,21110,14.0,5,23,4,0,0,0,0,0,2,5,9,13,16,19,24
2017-02-16,2,5,20,21,47,7,95,102,10202.0,15,32,401,212,14.0,32,64,6,1,1,1,1,1,1,5,9,12,15,20,22
2017-02-13,7,15,23,30,47,1,122,123,11111.0,22,41,212,1202,23.0,32,87,5,1,2,2,2,2,2,5,9,12,17,19,21
2017-02-09,7,9,33,34,48,1,131,132,12002.0,31,32,23,22100,32.0,14,40,6,1,3,3,3,3,3,5,10,15,17,19,22
2017-02-06,4,42,46,47,48,7,187,194,40001.0,27,14,122,11210,41.0,14,82,5,0,0,0,2,2,2,5,10,12,16,19,22
2017-02-02,6,7,31,34,38,2,116,118,3002.0,26,23,131,11120,32.0,23,79,6,0,1,2,3,3,4,5,8,13,17,20,22
2017-01-30,16,19,32,35,44,3,146,149,12020.0,26,23,320,20111,32.0,14,44,4,2,2,3,3,4,4,5,10,15,18,21,25
2017-01-26,19,25,27,34,44,1,149,150,11210.0,29,32,131,30101,41.0,14,57,6,0,0,1,1,2,2,5,10,14,17,22,25
2017-01-23,10,31,40,42,46,2,169,171,31010.0,9,14,41,122,41.0,14,71,6,0,1,1,1,1,2,5,10,13,18,21,24
2017-01-19,5,7,11,13,32,6,68,74,1022.0,18,41,320,1211,14.0,41,38,4,0,1,1,1,1,1,5,9,14,17,20,23
2017-01-16,3,19,24,37,46,6,129,135,11111.0,29,32,32,21110,23.0,32,84,6,1,1,2,2,3,3,5,10,14,17,21,23
2017-01-12,11,17,24,35,38,6,125,131,2120.0,25,32,401,11111,23.0,23,64,6,0,0,0,0,0,1,5,9,12,16,18,22
2017-01-09,21,26,27,30,47,1,151,152,11300.0,21,32,203,221,41.0,14,77,6,1,2,2,2,2,2,5,9,13,15,19,23
2017-01-05,20,26,37,45,49,5,177,182,21200.0,27,32,221,10112,41.0,14,67,6,1,1,2,2,2,2,5,9,12,16,20,25
2017-01-02,6,25,26,42,47,3,146,149,20201.0,26,23,212,221,41.0,14,77,6,1,3,3,4,4,4,5,10,14,19,24,26
2016-12-29,6,16,40,43,46,6,151,157,30011.0,21,14,41,1031,32.0,14,76,5,0,1,1,1,2,2,5,10,15,20,23,24
2016-12-26,5,18,26,42,45,4,136,140,20111.0,26,23,203,1112,32.0,14,30,6,0,0,0,0,0,0,5,10,15,18,19,22
2016-12-22,4,7,8,38,40,6,97,103,11003.0,27,14,230,12101,23.0,14,33,6,0,0,1,2,3,4,5,10,14,16,20,23
2016-12-19,3,9,10,13,25,4,60,64,122.0,20,41,32,12002,14.0,23,23,6,0,1,1,1,1,1,5,10,12,16,19,21
2016-12-15,24,28,36,39,48,3,175,178,12200.0,35,14,14,22010,41.0,5,25,5,0,1,2,3,3,3,5,8,13,17,19,20
2016-12-12,6,7,10,14,33,5,70,75,1022.0,20,23,122,11111,14.0,14,28,5,2,2,2,3,4,4,5,10,14,17,19,21
2016-12-08,6,7,28,30,38,6,109,115,2102.0,29,14,122,2111,32.0,14,36,6,0,0,1,1,2,2,5,9,13,15,18,21
2016-12-05,16,24,29,37,40,3,146,149,11210.0,26,23,131,20111,32.0,23,76,4,1,1,1,1,1,2,5,9,11,14,17,20
2016-12-01,4,23,34,39,40,3,140,143,12101.0,20,23,131,31001,32.0,14,63,6,1,2,3,3,3,3,5,8,12,15,18,22
2016-11-28,2,14,30,34,43,7,123,130,12011.0,13,14,221,21101,32.0,23,77,6,2,3,3,3,3,3,5,10,13,16,20,22
2016-11-24,2,10,14,40,45,3,111,114,20021.0,11,14,221,10103,23.0,14,17,6,0,1,1,1,2,2,5,9,12,16,19,22
2016-11-21,17,23,28,30,48,5,146,151,11210.0,26,23,212,3101,32.0,23,57,6,1,2,3,4,4,4,5,9,14,18,21,25
2016-11-17,2,5,9,17,44,1,77,78,10013.0,27,32,401,20201,14.0,32,38,6,1,1,1,2,2,3,5,10,14,18,22,24
2016-11-14,8,12,17,23,29,3,89,92,221.0,29,32,401,12200,14.0,32,74,5,0,1,2,2,2,3,5,10,15,19,21,24
2016-11-10,1,11,16,46,48,5,122,127,20021.0,22,23,131,1040,23.0,14,40,6,0,0,0,0,1,1,5,10,14,16,20,23
2016-11-07,10,21,23,30,32,5,116,121,2210.0,6,23,212,1112,23.0,14,40,3,0,1,1,1,1,0,5,10,12,16,19,0
2016-11-03,9,12,19,24,39,4,103,107,1121.0,33,32,14,40100,14.0,14,37,5,0,1,2,2,0,0,5,8,13,16,0,0
2016-10-31,3,14,25,30,45,2,117,119,11111.0,17,32,113,11003,32.0,14,17,5,2,2,2,0,0,0,5,10,13,0,0,0
2016-10-27,5,14,24,30,34,7,107,114,2111.0,17,14,212,30002,23.0,14,34,5,0,1,0,0,0,0,5,9,0,0,0,0
2016-10-24,8,9,28,36,48,1,129,130,11102.0,39,14,113,13010,32.0,5,12,5,1,0,0,0,0,0,5,0,0,0,0,0
2016-10-20,8,14,18,35,37,5,112,117,2021.0,32,23,311,12101,23.0,14,54,6,0,0,0,0,0,0,0,0,0,0,0,0
